*
NOTE Diamond (64-bit) 3.11.3.469 JEDEC Compatible Fuse File.*
NOTE Copyright (C), 1992-2010, Lattice Semiconductor Corporation.*
NOTE All Rights Reserved.*
NOTE DATE CREATED:	Sun Jul 14 06:19:04 2024*
NOTE DESIGN NAME:	GR8RAM_LCMXO2_640HC_impl1.ncd*
NOTE DEVICE NAME:	LCMXO2-640HC-4TQFP100*
NOTE JEDEC FILE STATUS:	Final   Version 1.95*
NOTE PIN ASSIGNMENTS*
NOTE PINS BD[0] : 65 : inout*
NOTE PINS LED : 81 : out*
NOTE PINS PHI0 : 17 : in*
NOTE PINS FCK : 96 : out*
NOTE PINS nFCS : 88 : inout*
NOTE PINS MOSI : 97 : inout*
NOTE PINS MISO : 98 : in*
NOTE PINS RD[7] : 31 : inout*
NOTE PINS RD[6] : 30 : inout*
NOTE PINS RD[5] : 29 : inout*
NOTE PINS RD[4] : 28 : inout*
NOTE PINS RD[3] : 27 : inout*
NOTE PINS RD[2] : 21 : inout*
NOTE PINS RD[1] : 24 : inout*
NOTE PINS RD[0] : 25 : inout*
NOTE PINS DQMH : 34 : out*
NOTE PINS DQML : 32 : out*
NOTE PINS nRWE : 35 : out*
NOTE PINS nCAS : 36 : out*
NOTE PINS nRAS : 37 : out*
NOTE PINS RCKE : 40 : out*
NOTE PINS nRCS : 41 : out*
NOTE PINS RA[12] : 42 : out*
NOTE PINS RA[11] : 45 : out*
NOTE PINS RA[10] : 47 : out*
NOTE PINS RA[9] : 49 : out*
NOTE PINS RA[8] : 53 : out*
NOTE PINS RA[7] : 57 : out*
NOTE PINS RA[6] : 62 : out*
NOTE PINS RA[5] : 52 : out*
NOTE PINS RA[4] : 51 : out*
NOTE PINS RA[3] : 60 : out*
NOTE PINS RA[2] : 58 : out*
NOTE PINS RA[1] : 59 : out*
NOTE PINS RA[0] : 54 : out*
NOTE PINS RBA[1] : 48 : out*
NOTE PINS RBA[0] : 43 : out*
NOTE PINS RCLK : 39 : out*
NOTE PINS nIOSTRB : 18 : in*
NOTE PINS nDEVSEL : 16 : in*
NOTE PINS nIOSEL : 15 : in*
NOTE PINS nDinOE : 77 : out*
NOTE PINS nDoutOE : 1 : out*
NOTE PINS BD[7] : 75 : inout*
NOTE PINS BD[6] : 71 : inout*
NOTE PINS BD[5] : 70 : inout*
NOTE PINS BD[4] : 69 : inout*
NOTE PINS BD[3] : 68 : inout*
NOTE PINS BD[2] : 67 : inout*
NOTE PINS BD[1] : 66 : inout*
NOTE PINS nWE : 19 : in*
NOTE PINS BA[10] : 3 : in*
NOTE PINS BA[9] : 2 : in*
NOTE PINS BA[8] : 99 : in*
NOTE PINS BA[7] : 87 : in*
NOTE PINS BA[6] : 86 : in*
NOTE PINS BA[5] : 85 : in*
NOTE PINS BA[4] : 4 : in*
NOTE PINS BA[3] : 84 : in*
NOTE PINS BA[2] : 83 : in*
NOTE PINS BA[1] : 78 : in*
NOTE PINS BA[0] : 74 : in*
NOTE PINS SW[2] : 63 : in*
NOTE PINS SW[1] : 64 : in*
NOTE PINS nIRQout : 12 : out*
NOTE PINS nRESout : 7 : out*
NOTE PINS nRESin : 20 : in*
QP100*
QF171904*
G0*
F0*
L000000
11111111111111111011110110110011111111111111111100111011000000000000000000000000000000100000000000000000000000000000100100010001
10010000000001010101000000101000010010001111111101000110000000000000000000000000101110001110000000000000110101110000000000000000
00000000000000000000000000000000000000000000000000000000000000000000000000000000000000000000000000000000000000000000000100010000
00100010000000000000000001000100000010001000000100010000000000001000100000010001000000000000000000000000000000100010000000000000
00000000000000010010000000100100000000000000000001001000000010010000000100100000000000001001000000010010000000000000000000000000
00000010010000000000000000000000000000000000000000000000000000000000000000000000000000000000000000000000000000000000000000000000
00000000000000000000000000000000000000000000000000000000000000000000000000000000000000000000000000000000000000000000000100001000
00000000000000000000000000000000000000000000000000100111001000100000000000001000110000000000000000000000000000000000000000000001
00000000000000000000000000000000000000001000010001000110000000100000000000000100111000000000001001100000000000000000000000000000
00000000000000000000000000000000000000000000000000010000001000110100100000001100100100010001000000100101000000000000000100011000
00000000000000000000000000000000000000000000000000000000000000000000000000000010011100000000000000000000000000000010010000000000
00000000000000000000000000000000000000000000000000000000000000000000000000000000000000000000000000000000000000000000000000000000
00000000010001000000000000000000000000000000000000000000000000000000000000100001100100000000000100001000000000001000010000000000
00000000000000000000000000000000000000000000000000000000000000000000000000000000000000000000010000000000010010100000100111000000
00000000000000000000000010001100000000000000000000000000000000000000000000000000000000000000000000000110110000000000010001100000
00001100000110000000000000000000000000000000000000000000000000000000000000000000000000000000000000000000010010000000000000000000
00000100111000000000000000000000000000000000000000000000000000000000000000000000000000000000000000000000000000000000000000000000
00000000000000000000000000000000000000000000000000000000000000000000000000000000000000000100101000000000000000010010100000000000
00000000000000000000000000000000000000000000000000000000000000000000000000000000000000000010101100101100000000000000100011000010
00010000000000000000000000000000000000000000000100000000000000000000000000000000000000000000000000000000001100010100000000000000
10010110100101000100000000000000000000000000000000000000000000000000000000000000000000000000000000000000000000000010010000100111
00000000000010001100000000000000000000000000000000000000000000010001000000000000000000000000000000000000000000000000010000000000
10011100000000000000110010010000100000000000000000000000000000000000000000000000000000000000000000000000000000000000000000000000
00110111000000000000000000000010010100000000000000000000000000000000000000000000000000000000000000000000000000100100000000000000
00000000000000000000000001000000000000000000000000000000000000000000000000000000000000000000000000000000000000100101000000000000
00000000000000000000000000100110000000000000000000000000000000000000000000000000000000000000000000000000000000000000000000000000
00000000000000000000100001100110000000000000000000000000000000000000000000000000000000000000000000000000000000000000000000000000
00000000000000000000000000000000000000000000000000000000000000000000000000000000000000000000000000000000000000000011100000010000
00000000000000001100010101100100000000000000000000000000000000000000000000000000000000000000000000000000000000001011000000000000
10011000000000000000000001001101001100000000000000000000000000000000000000000000000000000000000000000000000000000000000000000000
01000100000100100000000000000010000110011000000000000000000000000000000000000000000000000000000000000000000000000000000000000000
00000001000101001110011000001100010010100000000000000001100000011000000000000000000000000000000000000000000010001000100101100101
00010001000000000000000000010001000000010000101001100100000100000010001010011000100000000000010000100000000000000100010100111000
00000000000000000000000000000000100101100011000000000001001001001000001000000000000000000000001000000000001001011000101000011001
10100001100001100110010000110011001000010100110100001110100010000001000011101000001000010000110011000001000011001100000010000001
00011000000000000000000000000000001001001001010000110110000001001101001100100011100011000000000000000000000000000001011101100101
10001001100010110111000010100100110011010000010001001100000011010001000000010011000101010000000000100111000000000000000000000000
00000010001110001110011100100111010000010001010011110011010011000000000000000000000000000000010000010000000100001010011011010000
01001100010010010001110000010000100001110000001000001000000000000000001000111000111001010000000000000000000000000000010011010011
00000000000010001000000000000000000000000000000001001100001001101000001101000001000000100010001001100000000001000110000000000100
00000100110001000000000000000000000000000000000000000000000011010000101001100000000000000000000000000000000000100001110100001010
00010000001000000010000110011000010001110000111010000010010011001000011001100000100001100110010000101000011000011001100000000000
00000000000000000000000100000000010010010011101001101001100000000000000000000000000000000010101011100001000100001100111100111011
00101010010011000010001000010011100010100100000100110100111011101010000010011000010000101010010000000010101000000000000000000000
00001100001111000100001100111010110000000000000000000000000000000010001010110101000010010000111000110100001101000001000000010000
10010011010000011000010100000100000010001110000100100000000010000010000010000101000100000000000000000000000000000000000001100101
10001001011001001010010100100000000000000000000000001000101001010000000000100100111100100001010010001111001000010010000001000010
10001101001001001110101011000100111011010001000000101101010000010011110001100000000000000000000000000000000000000001000101001010
00111000000100000000000000000000000111000000100001000011111000000000100100111000001000001000101101100010010010010010101000010100
00011010100011000111001111001111000011000110000001000011000110000000100001110100001011100000010000000000000000000000000000001000
00000000010010001001100100110010000100100001100111000000000000000000001001000000001000000000000100001111000000110110110100111010
01001010011011001001000010011010001000100010000001000010100011100000001000001000111010010100100111001100111100010000000000000000
00000000000000000011000011110000000100000010001001001110000000000000000000000000000001000111000100110010011011010000101010010000
00000110000011010111000100101100110110100001001001111111000000000000000010000110010110010110011111000001100000000000000000000000
00000000000000000100100000000000000000000000000000000000000100101100000101001100011100110100110100111111000001010011100100010111
10000000100011100011110000101001001111101000010101011100000100001110100010010011101010110010110000000011101000000010011011001100
00100111000000000000000000000000001000110000110000111100000000000000000000000000000000000000010000001001001000100100010100101001
00111100011011011000000010010111110000000001001000010001000100110000010001100000100100110010010001101000110100001100101000000000
00000000000000000000000000000000000000000000000000000000000000100100100110000110001001001000110110010000110000010110110010000000
00001010011000111010010000010010100001000011010101000110011001001100101010000000000000000000000000010010100000000000000000000000
00000000000000000000010001001000100111110010110000010011111001100001001010010100100010001010100110111010001001000000010000011100
01000010010101100100100000000000110010000110011111000010100111000100000000000000000000000000000000000000011001111001111001000000
00100100000000000000000000000010001010000010010110000100100000100011010010001011101001001001110100011010011111000011010001010010
00100001010110011010000101101000101000100101011010000011000010101011001001111010100100100110011010011001000101001100000000000000
00000000000000000011000011100000000000000000000000000000000000001001110011001010010100001100101001001101000101001111000110010000
10100111000100111001000111000111000111001101000101000100100100000110000101010001110010101001100100011100011001000011000100000000
00000000000010011000000000000000000000001001010000000000000000000000000100000010010100100100100101101111110010000100010010101000
00111010000010100100000100001100100100101110000101010100100001000100101011010011001000110100110010001010010110000111001010011001
00000000000000000000000000000000000000000110011110000000000000000000000000000000000011001001011001010100000000011010011001001100
00100011000100010000100101001001001000001110011000111000001000000100110100101000100101100110100001010001001011010000000000000000
00100011000000000000110000111000001111000000000010010000000000000000000000000001001011000011101000001010001011101000001001111001
00110100001011001100011000111111001000000111000010010001010011100110010010011010010101011100100111101011100010111000001010010000
11100000101000100111000010100100100101100110000011010110010010101000111101100001100001010011100000000000000000000000000000000000
00100111001100011000000000000000000000000000000001000101001100001001011101000100011101000000010011011100000101000001001101000111
00101000100001000110100000110011110011101000111000001001100100011011000110010100110001001000100101100011100111000000000000000000
00000000000000000000010010100000000000000000000000001001110010000010010010011101001000010001101110000010111100100001000101001001
00010111010000011010000010001000000011000101001000101110001000100011010100100100011010011000100101100011000000101011110010011010
01110000000000000000000000000000111010000000000000110001100000100011010011100000000000000000000000100100010011101100000110000100
11000010000100100011100011100001100011000110001011010010010011100100111110001001001110100000000100100010010110000100100100100101
00001100000110101110100111000000000000000000000000000000000000000010011100000000000000000000000000001111111110101111111011111111
10111100101101110111111111101111001000111110111011111100110001010001011100110111011111001000100101000101110010100001000011100001
11110100010011011010101011110111111100001111011111111100110010101000111111110111100100101101111111111111111011010010011100111101
11111111011110010010110111111111101111001000111010001111111011010100011110011010000000000000000000000000000000000000000000000000
00000000000000011001111101011111110111100111011111110110111011111001110111111100011111011101110100001101100110001101110111001010
00001110111111010010011111100001010001100001100111010101010100010010010011000101000110011110110110111011111001100111110101111111
11111011100111101111011000011011111001110111111100011111101101111111101111001001111111001111100110110001100000000000000000000000
00000000000000000000000000000000000000011001111101000001110111100111011111110011111011111001100111110100010111100111111110111111
10001001011110100011100110000101001101100110011000011001101001101101111110011000011010011001111111011010010011111100001110010110
11000011001010001101010101110111000011011000001010001100001100101000110011110111101100001101111100110011111011000011011110111100
11001111011110110000110111110011001111111000101100110011010010111001110111111110111000000000000000000000000000000000000000000000
00000000000000000000000111111111010000011101111111110111100100111110111111111111111101000101100000011101000100001110001110111111
10000100110101100111111000011001000101010001111110000100110111111101101000011111110011111111000010011001111001100100001111001111
11101111111011001100111111111101111000001011011111111111111110110100000111101111111111111101111000001011011111111010000110111111
11111101100010100010100000000000000000000000000000000000001111010000000000000000000000000000000010000011110000010010011111011010
00100000111100001000100111001000000010011000100001001000100011000110111001001000111111000100001100000011100100100011111100010011
01101000100000111101001110010010001111110001001101101000100000111100001000100110000000000000000000000000000000000000000000001001
00001001011001010000000000000000000000000000010010010000100100100000100100100000000010011001000000100010011011010000000000000000
00000000011000100100000000000000000000000000000000000000000011000010101101000100010010010010000000000000000000000001000011001110
00001100100100001000010001001011000011101100010010010101000001000011101000001100001001001111000011001101101100000001010111000011
10110000000001000011001100010001100000100011011010010101101000010000000000000000000000000010101110101100001101100000010101010011
00100011100011000000000000000000000000000010100111010100011000111001111101000001100111001001101000111000100100010100110001101000
10000011100000010010011110011101001100010001001001100000010011000000100101010001110011001000110000000000000000000000000100111000
00100111010000001001111001101001100000000000000000000000000000001001101000000000110001100010000010000101000111011011100000011100
00000010000100011000100100010010010000000100111100100000000000000100110111010000110000001001100000000000000000000000000000001001
00100011000000000000000000000000000001100000110000110000001100000100000000001000011001001100000110000100110000001001000000000010
00000000100011000001000001100110000000000000000000000000000000000000110000101010011000000000000000000000100011000000000000010000
11001100000110000101010011010010100010000111010000100001001001000011101100000110110000000100110100001110110000110010100010000110
01100010011100000001101000010110100001000000001001110000000000000000000100000000001001110101010110100000100000000000000000000000
01000000000100011001010011010101001111001100101100010001010010110011001001100010001111010000010000010001110010110100111100010000
00110100010001001100000010001000010011100100001100011100110100111100110000000000000000000000000010000000010000110011101000000000
00000000000000000100101000100001000010000100010000110000000000100000010010110010001000001000000000110011000010000010000010011010
00011001101010101000001000110100111100100000100010100010010011101000011000110001101000001101111100100100100000010001000000000000
00000000000000000110011110000010100100000000000000000000000001000101001101001000100000100110010011110001001101001001100011110001
01010001011001010101101010010111010000000100011100000100100101001110001001010011101100100001100110010001100010000001000001011100
10011010000000100010100011111000001011011100001011011000011000011010101100001010101100100101000000000001001110000000000000000000
00110001100000001011011000000000000000000000000000011100000011000010100110100110100111100110101011000011010000100110000001110011
00000010011000110000001110000101101000101000100101100011110011010111010010011000111100001010000100001001010100110010000111100001
00100010110011000100100101001000110000000100010001000010000000000000100000000000001001110010011001000000000000000000000000000000
10100101000110111000001001000111001111001100000100010111010100010000011100100111010110010101000100011111000010001010101001001001
00010000000110001001010000101000111001011000011100001100100001100011011100000111110011001100011100001100111010000000010101100000
00100000000000000000000010000000000001000100110101001000000000000000000000000010001100100000011000110001000111110001000100111101
10011110000011001111000110000010010000100000110101100110011010011010110100101100001110001100100110101100100110100111100110010001
00100001010010110001100100000100111100110110110000101000101011100000000000000000000000000000000000001000000000000000000000000000
00000010001110010010000000010000001001001011001100100100100011100100010000010000110110010011011100001001110000100100001110001001
01000011001111000011000001011001011111110001000011100010001001101100101001110101000111011101010100111101011100000100000110000110
11100111000110001001001100100001100011100111100111110000001110011110001110000110110000000000000000000000000001000000000000110011
00000000000000000000000000000000010011110011100100010110101111101001011000101000100100110111100000010000100100111100011011000100
10010011011010001001101011010100110100100010011001000110100111100100011010001000000110010010001010010001001111000001100001100010
01000100100100010100101000000000000000000000000000000000001001010100001000000000000000000000000000001001010100101100110000011000
00110001100100100001101000100001010110001101000001100100110100101001001011001011001100110001010001001010001001001000101001110110
10001001110100000111100000010011101001101101010010010100101001011000111001110000000000000000000000000000000000000000000000000000
00000001000100001000001100100001010011111001000100111010100001010110011000000111100101010101100100110100011100001011100010011101
00000100101001111000010011000010101100110001000100111110000101010000010011100001100100100001001011000101011111101010010010011100
10001010000000000000000000000000000000000110011110011110010000000100001100100000000000000000001000110000011100010000100100100001
10010101110000010001011111001101000110010000001001001011000010100101001111110001101000101100100110100100011001000011000111000111
01110100110100111110011000011000011011000111001011000111001110010000111110100001001001110000010100100010101010000100000000000000
00000000000000000000000010011100000000000000000100110000001001100001011110000100110010011100001000001010110001110000001111000001
01001011001100100100011000110011001111000010011100000101111010000100101010000101000000100110000010000000000010001100000000000000
00000010001000000000000000000001000001001010000000000000000000000000100101100000110010010011010010100001000110000001001110000100
00110001101001000011001100001000011001001000111000101100100010101110010000110000110001011101000001001010110000101000011000110001
00100110100001000100111001001100000000000000000000010000000000000110011110000000100010000000000000000000000001000100000100000001
00101011000100101001111101010010100111100100111000010011001010101100001010101011100000100110100001110010010001001110100011111100
00001011111001011001111001100010100110000011101000000111100000010001010011101001101010111100010010010000110000100100101011010001
00110001100100000000000000000000000000000011110000000010001000000000000000000000000001000101000001001010110100011010010110101110
01100100010100000111100100011000001110010000110000101010011000010001000100100111001011110110011000001100100100010010110111011000
01101101001111010000010010010001110000111010000110010001010000011100000010100111100111010001000000000000000000000000000000000000
00100111001001000100111000000000000000000000000100111010011100100010000001000110100100100000010010100010000111001001001100000110
10001101011001001111001011100100110100111010011110100111000001101001101001100100111100101110100001010011011000010100100001011100
10100110010010010001001001001100110000100110000000000000000000000000000000000110010010000000000000000000000000000000100000100101
01000011100010100100000100110011010000011000011001000101110110101001000100100100000001101000010101001001101000001101001001000100
01100010010001001000100011100010010000101000001000001100001010100001100011100100010001100000000000000000000000001001010001111000
00011000110000000111001100000000000000000000000000001001000110010010001110001000111000100010000101100000110100000010000111000100
10010001100000010000000100100010001010000010011000101001101001000110001001001011101101000110111010000010011110100110001011010001
00010110111110000101001001001111001000000000000000000000000000100110000000100111000000000000000000000000000000011100011110101000
11111011110110011001100110011111111100111110101000001111111110101000100110111010111110100001010001010000111010101010100001010001
01000010001111111111011000011001011111111001100110101110101000100001101000101000011111101011000000100010111011111001111111100101
00010000111100111011010000000000000000000000000000000000000000000000000000000000000000000011100011111001001110011001111100110010
00111010001110001000100100110011111111100111110101000111111000010010011111111101110111111101010111010111111111111010111011111110
10001100000110111010100011111111101101100000111011111111111101001100001100100010101000110111000010010010100010101011000111111111
11111010010011111100001110011001100011111111010110000010010010000111101111101000111010001010001001001101100110101000000000000000
00000000000000000000000000000000000000000000000000111111001101111110011111111000010001011101000110100101110011111111111000101101
00110011011111111010001100110000101000111011101111000011001110111111101000110011000011001111110110000111011110100001111111110110
11100001001101101100110100010010100011011100001000111100111111110000110010110011110011001001001010000011000100111111110010011110
11111111011111110001011110000110110011000011111111010100011000000000000000000000000000000000000000000000000000000000000000111101
00010111001100111111101111000101101010011111101110110010110100011110100011001101010001111101111100001111011111111101110111010111
01000111110111110000111001111111111110011100110010100010000100011011000001110111111100001100111110011111110101110110010100010000
10101101011001000111010000101000111011101101100110011110011001110000100101011000000000000000000000000000001111010000000000000000
00000000000000000000100111001000010010011000100001100111100011111100010000110001101110010010000010011000110000001110010011000011
00111100000000110000001110010011000011001111000100001100011011100100011100001000010000000100111001100000011100100011010001000000
00000000000000000000000000000000000000000000000000001001101000001001001000000000101010100001000001000100100010100110000000011001
11000010010100010000001110100000000100110000010110010010110000100111010010010000000010011110001100000000000000000000000000000000
00000000000000000000000000010000010000110011001000010000000000010000000100001100110000011001001101001100010010001100001010100110
10000101001000001001000000010010110000000100001110100001000100001011001000101101000100000000000000000000000000000000000000000000
00000000000000000001000000110100010000010011100001001110000000010011001001100001010010000010011001000011001100001001000000010001
11000000100010011010001000010010100000000000000000000000000100100000000000000000000000000000000000010000010000001001100100001000
00000000010110010000000100100001000001000001001100001011100001001000001001100000010011010001000110010010110000100100100000100111
00000000000000000000010000000000000000001000110000000000000001001101000110010011000000001001000100100001100001110100000100100001
10001100000000001000101011001000010000000100010000000010001000011100001000100000000100011011001010010000000000000000000000000000
00000000100110000000000000001000100100110010000010000110011000000100001100110000001001010100110010000110011000001100100110100110
01001110011001000101001101001010100111010000110011000000010001110011100100001100110000011001000101001101000010000000000000000000
00000000000000000000000000000000000100000010011000100011100111000100010111100010010101000010010110010000100110000001000110001001
11100011010011100100101010011001100001100100111000100111001000100100110000100001010011001001110000000000000000000000000000000000
00000000000000001011010010000010000000011010000100010000111001100000010011101000001101000100001011001000000000001000010000000100
01011001100001001001011100010011000000000110010000101000100001110011001010000100000000000000000000000000000000000000000000000000
00001001010100100000100111010000111100010000100110101010010000101011101001000010001110101010000110000100000001000000100011110001
00101110100000010001010011101001000100110110000101010011110001110000100010010010111100100111000100001101100001000110000000000000
00000000000000000000000000000000000010000101001010000010001110010010111011001000011000000101101110001010001110000001001001011001
01100011010001100010000000100100010011010010010010110000001001000111000000101001001110100000111011000010000010010011100100010010
01111001101001011011010000001011110000000000000000000000000000000000000000000000000000000000100100000010000100100010111010000001
10001001010100101000001100100100100100111001001000010001101000000000110001101001001111001100101010100001000010000001000110001000
10010001100100101010010010000110011100010001110001000100101000000000000000000000000000000000000000000000000000000000100110100010
11000001101001110100001100110010000000000101111010011000101010011010100100100010000100111110011000001001100010011001100010010011
01100000111000010111100001000100001011000101101110000001111001001000000100000100110000000000000000000000000000000000000000000000
00000000000001000101100010010001000000001010010110010000110101001000101011111101010001110110000001000011001111000111110001100110
10101001001110100011000100100110000001101100001010100001101100100100010001101000011000000001001100000110001010011000010101100010
01001111000000100100100101001011001001101011101010110010110000000000000000000000000000000000000000000000000000100101001000010110
01000101001001001110110100001000100111100101100010110010010010001100111010001010000010010001001101101100010101001010000001000000
10010001001010100100100101001000010001000101000101001101000110010011010010110011100000000000000000000000000000000000000000000000
00000000000001000011000000000100010100001010010011100010001010011011011000000100000100000100101100111010010010000101001010101110
10011100010001101110101000110110000000100110001000110001001101001100100100100110011001000010010000101001101000100000100110000000
00000000000000000000000000000000000000000000000000010010110011001000000010001001000011001011001110100101100010100010010011010010
01001011000101010010110101010010010101000011000011100011010100111100110110110000011001100000000010001110001110000100001101001001
10011111011100001000110101111101010001000111101100010000000000000000000000000000000000000000000000000000000000100001001001101110
10000001000001000011010100000100000010011001001111001101001001100110001100001100100001100010100001001100100000101100100001010011
10010001000011001100001010011100101001110000101001010100110001010001110000100010011101101110000100010010011110011100101001011010
00101000000000000000000000100001000000000000000100001100111000001001100000001001010100011100001110001001001110100000101100100100
10000110011101000010101010100001100101001001001100000110011100100110010001100010010000000000100100000000000001100100110111000000
11110001000100000001001100100011000100110010001100000000000000000000000000000000000000000000000000000010000001001110110001001000
10000011001000101001001010010011010001011100110000100100000100001100111100000010110101001000000010011011011011100000101010010001
00010011100000100101010001000100100100010111000100001101000010100101001000110101011000000000000000000000010011000000000000000000
00000010001100000100001001101000010100100001001011000011000101001001010110100011001110010001100110010010101010100101101100101011
01000101100011110000101010101110101101000101100010110011100101000000010000010000111000100100110100010011100001010000111000000110
00011110100100001000111001100100101100100000000000000000000000000000000000000000000000000000010010101000000010001110011100110011
00011001001111000000100101110100110011000010101001011110001000100111100011010001010001000000100011000101011100001100001110001010
10100011010001100000100000110001100010001100100100100011010000001000110100100011100001011001100101011100010100101010011100000000
00000000000000000000000001001110000000000000000010010100001101000100010011010010010010010111101001110001001011100100001110000110
00100110101101010000011000001111000111011110100111100001100101000100100100111101101100000100000100110000001100110000011001000011
00111000010000011101000000101110010100110000110001100100110110100000100000000000000000000000000000000000000010101100000000000000
10011101001100100100010010101001000100101110001001010101111010110000100000100000100100001000100101010100010011001000101001001101
00010001000000000100011100110000100100100101000100000011010000010000100101011001001001101000010010110101000110100110010010010001
11000110100001000000000000000000000000000000000000000000000000010001010000010011010000101001101000001001101000101000010001100010
01011100001001001111100100100100110100101100001010011101000110100010100111000100001110001101010011101001101011000000100100010001
11100100001101011000110011101011000001101001011000010001000101001011011110010010000000000000000000000000000000000000000000000000
00011111111101011111110111111111111110110110111001111011110111100100011110010011111110111011000011110111011111011101110011011011
10101111100010101110010011110111011101000001110101110011101110010011111111011010000101000101000010111011101011110100001110111011
10111111000000111111000010100001001101101110111011111011101111101111011110111011000010101000101000010100011111111011011011101111
11111111111101101001001111011111111111111011110010010110111111111101111001000110000000000000000000000000000000000000000000011001
11110101111111011110011001111011011011111111101111011111111000011001100100111111000100010010111100010001110001000011010001011111
00111110010011001100111010001000110111010001010010011100010010010100010100001010001010001000101000001110101111100100100001011000
01100101000011000101001010001010001100001100100100110111011110010011111011101010001000111010001100001111100100111111111011110000
00100011110101111111001111011110100000110111110011001111101100001111111011110011001111011011011101111100111011111110001100000000
00000000000000000000000000000000000000000001100111110100000111111110111101111111001111101111100111011111110001010110011100010001
10011000011000111011011101000111011001111001111011001010111110011001011001100111110101010011000011000100010101000111100110011001
10000111011101111110011001100001100111111010110011110010011111111001101110111110000110010100001001001010001100000011110000110010
01001010001101100000101000101000011011111111111001101001110001100100010111100110011001111011110110000110111110011001111101100001
10111101111001100111101111011000011011111001100111111000000000000000000000000000010011100000000000000000111111111010000011001111
01111011110010011111011111111110111100011101011111111011101100001110001110111110111011001101111110101111100010101100101011111100
11000111111101111110011000110011111100111011111110100010000111101110111010001001101111110001010000111111111011010001001100010000
11010001100000011100110100110101000011101111111111011101011011111111111011101010111011110011000110011001111111111011110000010110
11111111111111110110100000111101111111111111101111000001011011111111010000000000000000000000000000000000000000000000000000010000
01111000001001001111101101000100000111100001000100110001000000010011100100000001001110011000000111001000100110001100000011100100
01110000100001100010011100100011000001100011000100111001001000111111000000001000000010011100100001010001111110000001101101000100
00011110100111001000110100010011011010001000001111000000000000000000000000000000000000000000100010001001011010010000000000010000
10000000100110010000000000100000001001000000000010011010000000010000001011001001000010001101000000000100110001000010110000011000
10010100101111000000000000000000000000000000000000000010101110010000000000000000000001000001000011001101000010000000000110000001
11001011001011111000000001000010001001100100001100101000001100100001000100001100110100100010011110011010000111010000100011000110
00000000000110110000000000000000000000000000000001001101101100000010011010011000000000000000000000010000001001101001000010001100
00000100001100111110001001010010000010001100101001100010110100010010011001001100001001110000100110010101001001100100110011010001
00100111001000101001000000000000001001011001010000000000000000100011010011100000001001110100000000000000000000010011100000100000
10000001001100010011000100010001001100100001000001000000100010010001111001000011000010000010000110001010001000100000001000100110
00110001101000001100001010010010010100100001100110000010001011110100000000001001001001000000000000000000100110000000000000000000
00000010011010000100001001100100000000001001110100001000100010010010000000000000000001011000000100100100100000010011000000000000
00000000000000000000000000000000010001000000000000000000000100001100110000100000100001100110100001001000000100011000100011010000
11000000000000000011011100001000110011001000101001100010011000000000010010100010000111010001000010011100000000000000000000000000
00001000000000000110001110010011100000000000000000010000001000100001000000100110000100110010011010010001110101000000001001010000
00000010011000010001100000100110010011000010011010100101000110000100011000100110001001100000000000000000000000001011110001000011
00111000000000000000000000000100000100000000010111010000001001011000010111100000001000001010100000000000010010100010001010000100
10001101000000100110000100000101100001001101010110100000011010001000010000000010010000000000000000000000000000000110011100000000
00000000000001000111110001000000010011010010011010100101110000001100111101100101010010100111110001001100110001100001100110100111
01100010100100010010011110001101101001001110011001011010110001011010101001110100010110001111010000101001110100100100000110110000
01001100011010101001000111101010010010011110001011110100000110100000110110110011001001001100100010010000010011010001101000001001
01101011000001000100000001001100000000000000000001000100000001000000000000000011010000100000000010001010001011100110001000000100
01010000110011110110100110000001110000111010000011010111101000010010001111110000001001110010011001001100100100110100000101001011
00111100100100101010010110000011101000010101001000110000011011010001000000100011110010010110000110111010001101110100100100101010
01110000100000000000100100000000000000100000000001100011100000001000110000000000000000000001001001000010100101001010011100010010
01001110001000101000010010001010001111000100101101000010001000011110001000111100001011001000111100111000001000000110001010010001
11001000110001001001110000010010001101100100001010011000100101110010010110001110010110001101110000100001000010000000000000000000
00000010111100000000000100111001100000011000000000011101000000101010110000101001000111001110110100010001001111001000010000000100
01110010000100001101101100011100111100110100001001001011000110100001010011000100010010000011100000011001010100010100011110010101
01001010011100000111010101100010010100011100011000110010001010011110010110011101100101010011100010001010110000000000000000000000
00000000011000111000000000000000000000010000101100000110010011001101010010111100100011000010101100011100111010100001101000100110
10001001011101000001001101001001010011011101100100001111000101000100010100010111000000111100000010111000100001011111001101010011
00110010000001101100000110110001001000101010111000101010010010000110011101100010010100111010011110010111010010101100010010100000
01001010100000110000101010000000000000000000000000000001011110000000000000000000000001001100100100000000010011101100100100111000
10000011011101001001000010001010001001000111110011000011010000011000101100011000001000111111000000100001100011100011100001101100
11000100100100101000101110100001100011100111011100000111101000001110011000010010100001001111001010000011101100000000000000000000
00001001100000000000000000000000000000100000100010001001000100010100111000110000011010000010100111000100101110000010010011001001
00010011010010101001111001011110000010110100001000100010100000110001100110011010011010001110011010110000001001111100101010100000
10000100000010001100100000100110100001010011000110110000011100000100000000000000000000000000000000000000000000000000010010100101
11100001010101011101001110100101010000110011001001110010001110111010111001010010111000100110001001100110000111010000010011011000
11000100111010001101100010100001110000001000011001100001001110100001011000001101100100001111010000010010110010010001110101011000
01010100110000100001101110010101100000000000000000001000110000000110011100000000010010000000000000000100101100010010011001101010
01011110000000110100010100011000100101000011100010100100111010111110101011000011011101000001000011001100101001010001101001001110
01001100100001010010000100001001000101011001001100100111001000111011001001101001101000101100001100101111100101110111000011110000
00000001001110000000000000000000000001000110000000000000000000000000000101010101110010000110010001110000110111100011000010001110
00101000101000101010011101000010110110000010000010011111000110101000111001101000111110010010100100100111100011010010010011110010
11000101001110100101010010100001011011100010010101001001010111111100010010001100100101100101101111010010001001001000011001011101
10000010001100000000000000000000000100110000000000000001011001001010000000000000000000010000010001110001100011000101101010101001
11110011000001001001000011000010000010010110001110011010011110000110111001001011001111001000110001100000010010010000010101010000
01110000010101001101101001101100100000100001010010111100001100010001010011110101110110100000000000000000000000010010000001100111
00000000000000000000000010001010000001000110100001010000111011000000010011001100100010010011110101010001010100110010110011110011
01001101101000100110000011010000110011101001101001101000111011111101000100001011001000010111001000110000001000101000011100100100
11001000110011010010101100000110100000111000100011001110001000111000001110100110110000101010000010000010011010011010000110000010
00101001100000000000000000000000001000110000000000000000000000010001100100000010101101100001010100110111010100001100010100100000
10011011100010011000111000001001001010011100001101110100000101010101100010010110001100010000110010010011101110010100110100010011
00010010000100011010010111011000001001110111000010001100001010000011011000100100110000001100000111100001001000100000000000000000
00000000010010000000000000000100011000000000000000100100001011110010010100100111100101000110011010011000001100100110001100010010
10011111000110000010000011100100101001011000011100101001100011011100100100001001000111000001001100001010010100110000011010010011
00101110110000011100010000101100100010110010010010010011001110000011001001001100101101110110000000010000010010110110110011100000
00000000000000000000000000010001001001010000000000000000011001100000010000110001000011010000100010010110000010001111101000100011
00100010110000011011010000101000010011101001001011111100001100010010010010011001001000111100000000000100101100111010010001100000
11010111101111000000100100010000010011001001010010000001001000001000010100001000000000000000000000001001110000000010010001001110
01010110000000000001000010010001111000010100010010110011110000010111010001100011100001001110000010001000111100110001001001110100
11100111000001010011110011001100110000111000010111000010100100001011010001001000000000010010010011111011001101000000010001010000
01011010001010101000011001111110110000100110011011010001001111010110000000000000000000000000000000000000000000000000011010101010
01010000011011101111111001100100001110011100111111100001001101101011111111011101101110111011111101111101101011111111100110001110
01001111110011000111111110111111011110110000111111110111110111101110111111011110111101111111111111011001100111100000000110100000
10110011111101000011001011100100001100110110000111111110011000111101110111111110011001101001101111111010011111111101100001111000
01111111100110111111100000000000000000000000000001001110000000000000000000101000010010011100111110100010110010001011101010101001
01110011100111110011000110001001111101110111001001100001011100110100011110001001111101011001001001100110011111001110010001111111
11101101000100100110000111011110111111000111110111011111110111110010010100011111111011010100111100000000110100100110001111000101
01110101101011001100001000010100011111111000011110010001100110000111111111011111110111000101000101100001010100100101000101000100
01101101011000110011000010100010100010001100000000000000000000000000000000000000000000000000100010110111111100111011111101000101
10010011111100010001100110000111001001110111010001111000100111111111110100101110001001110110101100000111111000100001011111110001
00001100010011111100100001100010011111001100001010001101110000001101100011110000110011000000111010100011001011110110001010111010
01010110011000010000101000111111110111100111110011000011101100001101110110110010110010000110101001111101111111111110100101010100
10111101111111010000000000000000000000000000000000000000000000000000100010101000001010000011001001111110111011100001111001001111
11011101100110110101111110100010010111100111111110011111011011101111111011101011111110011111101110011010111111111001100011001100
11111111110001111110111110111011101100001011110110001110101110100011111010000011001110110110011111101000011001011100100001100110
10100011100010001000011111110000110110011110101110010111111010110101000101000000010100011111101110000000000000000000000000000000
01001100000000000000000001000010000010000100100110001000000010011000100000001001110010000000100111001000000010011100110001101110
01000100111001000000100011111100010000101110010001111110001000011000010111001000100111000010001111110000000000000000000000000000
00000000010011000000000000000000000000000000000111010100000000111010100000100100000000000101100100110010010100001010101001010010
00001001100100100000000100011000100000000000000000000000000000000000100100000000010011100000000000000000000000000001001100010000
01000011001101001100010000010000110011000000100001100101001000100010010001001000000000000000000001001100011011000001000010011100
00010110100001010011000000000000000000000010000110011000000000000010011000000000000000000000000000000010000001001101011011010100
10000001010011011011001010000000001001100000000000010001000100110001001100100010100110111010000001001100000000000000000000000000
00000100010100110111100000000000000000000000000000000000000000100100000111010100101001000001110101001100000000001000011001100001
11000000100000000010001100010010000010000000100000110001001011000101001101000001010101100100001010000110010000000000000000000000
00001110010010000000000000000000000000000000000000010001100001110101000000000011110000001001000000100110010010001001111000001000
00000000000000000010111110010010010010001000100000100110000000000000000000000000000000000110011110000000000000000000000000000000
00100000010000000001000011001100000010001110010000000000010000110011010000100000100011000100001100110000000100110001001110000000
00000000000000000000000001100111100000000000000000000000000000001010100001101000100010101010001110000000010001100000100101000100
01100100101001000010000000101001101001001001101001000100011001101000010010010110001000100110100011000000000000000000000000001100
00111100000000000000000000000000000000000011101010011000000010011000001001100000000001000011001000010000100000000100101000100000
01001010100110010000010000010101101000000100000100011000000000000000000000000000000000000000100110000000000000000000000011000101
00100010001100000110100111001100100100100001101001100011100001010111100000110100101011000010101011011001101000011001010110000011
01001010100001100111100000100100110110000001000110110000101010000010100100100010100000100001100110100110100010110100001011100000
01110001001001001100000000100011000100100000000000000000000100101000000001100111100100100010001100000000000000000000010000101001
10100111001000001001100100001111101000001001100001100000110100110101010100011011110000000010000110000101101000100010011010111100
01101000110100101000100101101001010001100100111111000010010010010010010010010010011000110001111010000100110101110001101100100000
01001010000000000000001000000000000000000110011110000000000000000000000000000111000100000000011001000100110110000000010111010011
11001001001000111000010010001110010100010011110101011100001001100001100111010000000110001010010000000001000001000011001011001100
00101001001000111001111100100100011001100000001000110000000000000000000000000001100011111000000000000000000000000000000000010011
11000101001110100000010010101000101011000011011000010101001111001000110101110010100100000110010010111101000001000111000011001001
00000100001100111000001001110100111001010011001100010001011100000101000011011010100111100111100000100000100111000100000100110101
01100000010011000000000000000000000000000110011110000000000000000000000000010011001011000001000111100001010111101010010110000001
00010100001011100001001001110001000011001100001000110011110000001000010100010010011000010000101110100000010001101000110100110001
00111100101100110110100010010001101010110100111110100010100000000000000000000000001100001111000000001010100000000000000000000001
00100010011000100010100110100101010010010111110110101100110000011111010001101101001110001100001110110000011111001101100101100110
00011000100011100010111100000110010110001110010010011001101000010110101001010001100010001111010000100100011001100100001100110100
10101000110111000000111000100101011101001011001100100001110010000100000010000110011100000000000000000110000001100000000000000000
00000000000010001100010011111001100000101010100110010011110011010000110000100011000110000001010110011100000010011010000100101111
10011001000110000110100010110001110010100100001111000001000000100001100000000010000110111000000000000000000000000001100000011000
00000000000000000000000000001000101001110000011100000101101001010110101001001001000111000010011000010101001111010110111011010010
11111110000001010011101000011100011010111000101001010111100100001100011110001010111010000101110100000001010101001001101001010100
11110010110011101100100100100110110110000000100001100010110010010010110110101110001100100010110111000000000000000000000000000000
00100111000001001000100000000000000000000010001001001111100010010100100100110010011110111110000011100000101100001010010011110110
01010101100100001100001100101100000110001100010000110000000100001001101011000001000101000101000111001100001101000110001000011001
00111000010001001110100110100101100010100000001000010010000010010110100110010000000000000000000010000000000110000111100000001010
10000000000000100111000010011100000110100010010001101110010100100000111010100001001011001111000111001101000110001001100001000010
11101100000001111000010101101010001100100110100001100011100000001001111101001001110101100000011101010100101011100100100110011101
00100101101100111000010111110001100000000000000000000000000000000000000010010101000010000010000100000000000100011000100111100100
01101000010110100010011100000010001010011001111000010100110100110010011010000101001111000000100110010011000111000101010101000010
00101011100100111000100010100111100111100000100100010010010011010010010100101000101001111100110000100111000000000000000000010001
00000000000000000000000000000100100000001001000100100010011110001100100011110000011010010101001010101110100000100001100111100110
11000011001100101010110100010010011101101010010100001110000101010000010011100100001101101100000111010000001001100100011110100101
00011001100001110000010111010000101001000010001011100001101000001010110100110010000110000001001100000000000000000000000001100001
11100000000010011011010001000000000000000000000000100010010001101000111001111010011011001100101100100110000111001100110010101000
00100101011000110101101001001010000010101011100001001001011000001001101001101001110110000101010000110000110011010001101100000110
10000010011000100101001000010100101100111101001100001010010010000001000110100110100100000001001110000000000000000000000000001000
11001001100000000000000000000011100010011101000001001001101011110100110100001001010101000100101111101101000100111100011100110100
01110011001011111101100000100100100100000111000010011101000000100000011101000001010010011101000000010000110101101000110010010110
10010100101010000010010110010100000000000000000000000000000001001100110011000000000000000000001001110010001000000110001010000100
00100100100000000100110110100000110000111101000000010000010000101001010010001011100100011101001001010100101000101011111000011000
11000010001010011101000111001101101000001010110101011010110110010100000001000010000000000000000000000000001001000010001101001100
00000000000000100000000010011010110011110000010001001111101000101100110110111000010000011100100110101010110000101010101100110000
11001000101001011001011001101001100110001010011000011011001100110101001001100010100011101000001110001000010101010010110100111100
01000010010010110101100010010101110100001011100010001000101001000100110101101001001111110100000100110011000000110000000000000000
00000000000000000000000000000000011111111101011111110111111111111110110110111001111011110111100100011110101111111101000001000011
10001100111110100001001101100000011101000011001111111111111100100110101000110111111101010001111111001011000011101101011111011001
10011111100110001111011111111100111101010001110110011011001111111111111100010100011110111010000011111100110101000110001001001111
11001110100010011000100001110111111110100000000000000000000000000000000000000000000000000000000001100111110101111111011110011001
11101101101111111110111101111111000111100010011100111100101000100000111111111000111001100001111011111101000100100111111101111110
01000100011110000111010100010010011110011001110011001100010111110110011001100111001001111110110101000100011110001010111101010001
00100111111110111110100001100001100110001110011010010101001010111100000010001111010111111000011100110000101000111111110000110101
10001001011010001110011001100011000000000000000000000000000000000000000000000000000000000111011111110000011111111011100111101100
11111011111001100111110011000001110110011000001001111100001100011110110001001000111100000010001110100011000011000011100110000111
10011001010000111100110011111111011100001100110110011011110111010101000111101110101100010101111110000001100000110111101000010001
01101000110110100101010010101100001100100011110011111110000110010110100011111111011010100100101110011010011000101111111111101000
00000000000000000000000000000000000000000000000001110111100100000110011110111111111011001111101111111111111111001101110111111010
10001000011100011001101101100110110001001111110110001000011100010011111100110010011011111111101110001100011000000111111111100011
11011100111100010001111111110101000100110111001110111011111010111111111011100110010110011111111111011100101000111101110100000010
01101010001100010010011111111011010001010110101110100001111001111110100000000000000000000000000000000000000000000000000000000000
01000001111000001001001111101101000100000111100000100100110001000010010011100100000001001110010000000100111001000010010011100100
00000100111001100000011100100100011111100000000101110010001111110000000010001101000111111000011000000000000000000000000000000000
00000000000000000000000000001110001000101100000000000100001010000000000000001001111000000000000000000000000000101101000000000001
00010010110010110010010000000000000001010100011001111011001010000000000000000000000000000000110010001011010001000000000100001100
11100000000000010000010000110011000100011000010000110011100000000001000111001110100001110100010001000111001110000000110010001010
01101001010000001000110000000010000111011000000010000000001001100000000000000000000000001000000000000000000110100010000000000010
00000110100010010000001001010000000000000000001000001000111001100110000011010011000000000100110100111100011100110000000000000000
01001101000010000000000000000000000000000000001001110000000001101000001000000000001110000001010000100000000000000000011001001000
10001011100000011000000110010000110010000000001100010101001001100000010011000000000100000000100011000000000000000000000000000000
00001000100000000001001000111010100001001100000000000000000000000000000000001000100000000000011100001000100111000000000000000101
01000000011001111000000000000000000000000000100000000000000000100001100110100100000000000100001100110000000001010110000000000001
00000100001100110001001100000000100001100110000000000000000010000110011000000000011001111000000000000000000000000000001001100000
00001001011000000000000000000000000000000000000000000100110000000000001101000010000000000000000001001100001101000001000000000000
00000000000000000000111010000110110000000000000000000000000000000000000000000000001110100001000100011000000100001101110000000000
00000000110010100100001111010000000100100000000000000000000000000000010011001000110000010010100000000000000010001100000100011000
00001100100100000010001100000000000100100000010011000000000000000100100010010101100001110000000001100111100100100100001000000000
00000000000001000010000010000000000001001000000000001000010000011001000010000010010100000001000000001100110010000010010110000000
00010011000110001100001101100000100100000001001100000011000000110010001101001101000010000110011110000000000000000000000000000000
00010010100000100101000000000000000000000000000000000010010100010011100000010010000110010010001011010000001001000000000011000101
00000101110000000001110000010000000000000000000000000000010001100000001001000000000000100001100111000000000000000001001000000000
00000000010011100000000000000000000000000110011110000000000000000000000000000000100001000001000010010001100100001000001000010000
00000000000000000000010011100000010000000010011000000100110000000000000000000101110000000000000000000000000000000000100111000110
01100000100110000000000100011000000000000000000000000000000000000000000100110000000000000000001001010000110000001100000000000000
00000000000000000001000100000001001000000011011100000000000000010101100000101011000000000000000010010000000000000000000000000000
00001000101001110011000000110000000000000000000000000000000000010000000000010011110100100010000010011000001000000000000000000000
00000000000000001000100001000111001000000100011000000000000100101000000000100111000000000000000000000000000000000000010010100010
01000000010011001000110000000000000010001100000000100010001000100000000000000000000000000000001011111101001111000000000000000000
00000000000000000000000000000000000000100000000000000100011001001101001100000010011001000000010000000100010000000000001000010000
00000100110000001001100000000000000000000000000000000000000000000000000000100101011001001000100011000000000100101000100100000001
00100000000010000000000000000100000000000000100100000000000000000000000000000000000000000000000000000000100100000100110000001100
01100001000000000000000000000000000000000000000000000000000000000000000110001111100000000000010001101010110000000000000000000001
00011010100100100000000001000111101000100000000000010001010001101010010010010100000000000000000000100011000000000100011010101100
00000000000000000111100000000000000001001100000000000000000000000000000000000010010001001100000000010000000100101000000000000000
00000010001101110100000000000000000000000000000100110001000110100110011110000000000000010000000000000000000000000010001000001001
10000001001011000110100011000000000001001110000000000000000000001100110100000000000001001010100100000000000000100100001010100000
00100100001101000100011101000100000000000000000000001100110000010110100110000110000000000111000100000101100000000100110001100110
00001000110000000000000000000010011100000000010101001001110000000000000001001010100011100001000000000000000000000000000000000000
00000000000000000000000000000000000000000000000000000000000000000000000000000001001000000000000000000000000000000000000000000000
00000000000000000000000000000000000000000000000000000000000000000000001000010000000000000000000000000010000100000100001000000000
00000000100001000001000010000010000100000000000100001000001000010000000000000000000000000000010000100000000000000001000010000000
00001100110000000001100110000000001000010000000000011001100000000011001100000000011001100100000000000011001100000000011001100000
00001000010000000000000000000000011001100100000000000000000000000000000000000000000000000000000000000000000000000000000000000000
00000000000000000000000000000011000001101111000000000000000000000000000000000000001000001110010100100111100011100101100001000000
00101111100110100101100001000000011100101011011111001101001011000010000000000000000001000001110010100111000101110100110010110000
10000001000001101000100111010010011010011001001011000010000000000000000000000000000000000000000000000000000111000100011011000000
00000000010001011010010011000000100010000000011100100011101001001001000100000000000000000000111000100011011010010100001100010000
00010000011100001001010011000000000000000000000000000000000000000000000000000000000011100000010111100000000000000100000111000001
01000000010010100000010000010000110000010011000000000000000000000101110111000001110000011110000000000000010000011100000101100000
01110011100000000000000000000000000000000000000000000000001000011000100000000000100000011101000001001100000000010000110001011101
00000100110000000000000000000001100000011100010111010000010101101001010000001100000011110000011011101000001010110100101000000000
00000000000000000000000000000000000000000000011000110011111100001111110000000000000011000110011111100001111110000000000000010001
11110100000111010000000000000000000000001000011000111011101101001001100110000000011000001101100011000011000110000000000000000000
00000000000000000000000000000000000001100011001111110000111111000000000000001100011001111110000111111000000000000010000011000111
00111010010011101000000000000000000000000001100011001111110000111111000000000000110000011011000110000110001100000000000000000000
00000000000000000000010011100000000000000000100111000000000000000000010000110001111000111001110000100100111011000001101100011000
11000110011110000001100111000000000000010000110111111000011001110010100100111000000000000000000000000000000000000000000000000000
00000000000000000000000000000100001100011110001100111110000011111000000010000110001110001110011110011101100000110110001100010111
01110101001111010000000000000000001100000110110001100010001110110110011100000000000000000000000000000000000000000000000000000000
00000000000000000000000000000000000000111100000000000000000010001101001111110001000000000000000000000000000000000000000000000000
00000000000000000000000000000000000000000000000000000110001001000000000000010000011000011001100011000000000000000000000000000000
00000000000000000000000000000000000000000000000000000010001100001001110000000001100011010000000000000100000100111110001101010000
01000110000000000000000000000000000000000000000000000000000000000000000000000000000000000000000000000101011100111000000000000100
01101110000100100011000000000001001010000000000010000111101010001001110111000101000000001000100001011011111111111111111111111111
11111111111111111111111111111111111111111100001010000000000000000000000000000000000000000000000000000000001010101010011100100010
00000000000000000000000001000000000000000000000000000000111111111111111111111111111111111111111101011110000000000000000000000000
11111111111111111111111111111111111111111111111111111111111111111111111111111111111111111111111111111111111111111111111111111111
*
NOTE END CONFIG DATA*
L58880
00000000000000000000000000000000000000000000000000000000000000000000000000000000000000000000000000000000000000000000000000000000
00000000000000000000000000000000000000000000000000000000000000000000000000000000000000000000000000000000000000000000000000000000
00000000000000000000000000000000000000000000000000000000000000000000000000000000000000000000000000000000000000000000000000000000
00000000000000000000000000000000000000000000000000000000000000000000000000000000000000000000000000000000000000000000000000000000
00000000000000000000000000000000000000000000000000000000000000000000000000000000000000000000000000000000000000000000000000000000
00000000000000000000000000000000000000000000000000000000000000000000000000000000000000000000000000000000000000000000000000000000
00000000000000000000000000000000000000000000000000000000000000000000000000000000000000000000000000000000000000000000000000000000
00000000000000000000000000000000000000000000000000000000000000000000000000000000000000000000000000000000000000000000000000000000
00000000000000000000000000000000000000000000000000000000000000000000000000000000000000000000000000000000000000000000000000000000
00000000000000000000000000000000000000000000000000000000000000000000000000000000000000000000000000000000000000000000000000000000
00000000000000000000000000000000000000000000000000000000000000000000000000000000000000000000000000000000000000000000000000000000
00000000000000000000000000000000000000000000000000000000000000000000000000000000000000000000000000000000000000000000000000000000
00000000000000000000000000000000000000000000000000000000000000000000000000000000000000000000000000000000000000000000000000000000
00000000000000000000000000000000000000000000000000000000000000000000000000000000000000000000000000000000000000000000000000000000
00000000000000000000000000000000000000000000000000000000000000000000000000000000000000000000000000000000000000000000000000000000
00000000000000000000000000000000000000000000000000000000000000000000000000000000000000000000000000000000000000000000000000000000
00000000000000000000000000000000000000000000000000000000000000000000000000000000000000000000000000000000000000000000000000000000
00000000000000000000000000000000000000000000000000000000000000000000000000000000000000000000000000000000000000000000000000000000
00000000000000000000000000000000000000000000000000000000000000000000000000000000000000000000000000000000000000000000000000000000
00000000000000000000000000000000000000000000000000000000000000000000000000000000000000000000000000000000000000000000000000000000
00000000000000000000000000000000000000000000000000000000000000000000000000000000000000000000000000000000000000000000000000000000
00000000000000000000000000000000000000000000000000000000000000000000000000000000000000000000000000000000000000000000000000000000
00000000000000000000000000000000000000000000000000000000000000000000000000000000000000000000000000000000000000000000000000000000
00000000000000000000000000000000000000000000000000000000000000000000000000000000000000000000000000000000000000000000000000000000
00000000000000000000000000000000000000000000000000000000000000000000000000000000000000000000000000000000000000000000000000000000
00000000000000000000000000000000000000000000000000000000000000000000000000000000000000000000000000000000000000000000000000000000
00000000000000000000000000000000000000000000000000000000000000000000000000000000000000000000000000000000000000000000000000000000
00000000000000000000000000000000000000000000000000000000000000000000000000000000000000000000000000000000000000000000000000000000
00000000000000000000000000000000000000000000000000000000000000000000000000000000000000000000000000000000000000000000000000000000
00000000000000000000000000000000000000000000000000000000000000000000000000000000000000000000000000000000000000000000000000000000
00000000000000000000000000000000000000000000000000000000000000000000000000000000000000000000000000000000000000000000000000000000
00000000000000000000000000000000000000000000000000000000000000000000000000000000000000000000000000000000000000000000000000000000
00000000000000000000000000000000000000000000000000000000000000000000000000000000000000000000000000000000000000000000000000000000
00000000000000000000000000000000000000000000000000000000000000000000000000000000000000000000000000000000000000000000000000000000
00000000000000000000000000000000000000000000000000000000000000000000000000000000000000000000000000000000000000000000000000000000
00000000000000000000000000000000000000000000000000000000000000000000000000000000000000000000000000000000000000000000000000000000
00000000000000000000000000000000000000000000000000000000000000000000000000000000000000000000000000000000000000000000000000000000
00000000000000000000000000000000000000000000000000000000000000000000000000000000000000000000000000000000000000000000000000000000
00000000000000000000000000000000000000000000000000000000000000000000000000000000000000000000000000000000000000000000000000000000
00000000000000000000000000000000000000000000000000000000000000000000000000000000000000000000000000000000000000000000000000000000
00000000000000000000000000000000000000000000000000000000000000000000000000000000000000000000000000000000000000000000000000000000
00000000000000000000000000000000000000000000000000000000000000000000000000000000000000000000000000000000000000000000000000000000
00000000000000000000000000000000000000000000000000000000000000000000000000000000000000000000000000000000000000000000000000000000
00000000000000000000000000000000000000000000000000000000000000000000000000000000000000000000000000000000000000000000000000000000
00000000000000000000000000000000000000000000000000000000000000000000000000000000000000000000000000000000000000000000000000000000
00000000000000000000000000000000000000000000000000000000000000000000000000000000000000000000000000000000000000000000000000000000
00000000000000000000000000000000000000000000000000000000000000000000000000000000000000000000000000000000000000000000000000000000
00000000000000000000000000000000000000000000000000000000000000000000000000000000000000000000000000000000000000000000000000000000
00000000000000000000000000000000000000000000000000000000000000000000000000000000000000000000000000000000000000000000000000000000
00000000000000000000000000000000000000000000000000000000000000000000000000000000000000000000000000000000000000000000000000000000
00000000000000000000000000000000000000000000000000000000000000000000000000000000000000000000000000000000000000000000000000000000
00000000000000000000000000000000000000000000000000000000000000000000000000000000000000000000000000000000000000000000000000000000
00000000000000000000000000000000000000000000000000000000000000000000000000000000000000000000000000000000000000000000000000000000
00000000000000000000000000000000000000000000000000000000000000000000000000000000000000000000000000000000000000000000000000000000
00000000000000000000000000000000000000000000000000000000000000000000000000000000000000000000000000000000000000000000000000000000
00000000000000000000000000000000000000000000000000000000000000000000000000000000000000000000000000000000000000000000000000000000
00000000000000000000000000000000000000000000000000000000000000000000000000000000000000000000000000000000000000000000000000000000
00000000000000000000000000000000000000000000000000000000000000000000000000000000000000000000000000000000000000000000000000000000
00000000000000000000000000000000000000000000000000000000000000000000000000000000000000000000000000000000000000000000000000000000
00000000000000000000000000000000000000000000000000000000000000000000000000000000000000000000000000000000000000000000000000000000
00000000000000000000000000000000000000000000000000000000000000000000000000000000000000000000000000000000000000000000000000000000
00000000000000000000000000000000000000000000000000000000000000000000000000000000000000000000000000000000000000000000000000000000
00000000000000000000000000000000000000000000000000000000000000000000000000000000000000000000000000000000000000000000000000000000
00000000000000000000000000000000000000000000000000000000000000000000000000000000000000000000000000000000000000000000000000000000
00000000000000000000000000000000000000000000000000000000000000000000000000000000000000000000000000000000000000000000000000000000
00000000000000000000000000000000000000000000000000000000000000000000000000000000000000000000000000000000000000000000000000000000
00000000000000000000000000000000000000000000000000000000000000000000000000000000000000000000000000000000000000000000000000000000
00000000000000000000000000000000000000000000000000000000000000000000000000000000000000000000000000000000000000000000000000000000
00000000000000000000000000000000000000000000000000000000000000000000000000000000000000000000000000000000000000000000000000000000
00000000000000000000000000000000000000000000000000000000000000000000000000000000000000000000000000000000000000000000000000000000
00000000000000000000000000000000000000000000000000000000000000000000000000000000000000000000000000000000000000000000000000000000
00000000000000000000000000000000000000000000000000000000000000000000000000000000000000000000000000000000000000000000000000000000
00000000000000000000000000000000000000000000000000000000000000000000000000000000000000000000000000000000000000000000000000000000
00000000000000000000000000000000000000000000000000000000000000000000000000000000000000000000000000000000000000000000000000000000
00000000000000000000000000000000000000000000000000000000000000000000000000000000000000000000000000000000000000000000000000000000
00000000000000000000000000000000000000000000000000000000000000000000000000000000000000000000000000000000000000000000000000000000
00000000000000000000000000000000000000000000000000000000000000000000000000000000000000000000000000000000000000000000000000000000
00000000000000000000000000000000000000000000000000000000000000000000000000000000000000000000000000000000000000000000000000000000
00000000000000000000000000000000000000000000000000000000000000000000000000000000000000000000000000000000000000000000000000000000
00000000000000000000000000000000000000000000000000000000000000000000000000000000000000000000000000000000000000000000000000000000
00000000000000000000000000000000000000000000000000000000000000000000000000000000000000000000000000000000000000000000000000000000
00000000000000000000000000000000000000000000000000000000000000000000000000000000000000000000000000000000000000000000000000000000
00000000000000000000000000000000000000000000000000000000000000000000000000000000000000000000000000000000000000000000000000000000
00000000000000000000000000000000000000000000000000000000000000000000000000000000000000000000000000000000000000000000000000000000
00000000000000000000000000000000000000000000000000000000000000000000000000000000000000000000000000000000000000000000000000000000
00000000000000000000000000000000000000000000000000000000000000000000000000000000000000000000000000000000000000000000000000000000
00000000000000000000000000000000000000000000000000000000000000000000000000000000000000000000000000000000000000000000000000000000
00000000000000000000000000000000000000000000000000000000000000000000000000000000000000000000000000000000000000000000000000000000
00000000000000000000000000000000000000000000000000000000000000000000000000000000000000000000000000000000000000000000000000000000
00000000000000000000000000000000000000000000000000000000000000000000000000000000000000000000000000000000000000000000000000000000
00000000000000000000000000000000000000000000000000000000000000000000000000000000000000000000000000000000000000000000000000000000
00000000000000000000000000000000000000000000000000000000000000000000000000000000000000000000000000000000000000000000000000000000
00000000000000000000000000000000000000000000000000000000000000000000000000000000000000000000000000000000000000000000000000000000
00000000000000000000000000000000000000000000000000000000000000000000000000000000000000000000000000000000000000000000000000000000
00000000000000000000000000000000000000000000000000000000000000000000000000000000000000000000000000000000000000000000000000000000
00000000000000000000000000000000000000000000000000000000000000000000000000000000000000000000000000000000000000000000000000000000
00000000000000000000000000000000000000000000000000000000000000000000000000000000000000000000000000000000000000000000000000000000
00000000000000000000000000000000000000000000000000000000000000000000000000000000000000000000000000000000000000000000000000000000
00000000000000000000000000000000000000000000000000000000000000000000000000000000000000000000000000000000000000000000000000000000
00000000000000000000000000000000000000000000000000000000000000000000000000000000000000000000000000000000000000000000000000000000
00000000000000000000000000000000000000000000000000000000000000000000000000000000000000000000000000000000000000000000000000000000
00000000000000000000000000000000000000000000000000000000000000000000000000000000000000000000000000000000000000000000000000000000
00000000000000000000000000000000000000000000000000000000000000000000000000000000000000000000000000000000000000000000000000000000
00000000000000000000000000000000000000000000000000000000000000000000000000000000000000000000000000000000000000000000000000000000
00000000000000000000000000000000000000000000000000000000000000000000000000000000000000000000000000000000000000000000000000000000
00000000000000000000000000000000000000000000000000000000000000000000000000000000000000000000000000000000000000000000000000000000
00000000000000000000000000000000000000000000000000000000000000000000000000000000000000000000000000000000000000000000000000000000
00000000000000000000000000000000000000000000000000000000000000000000000000000000000000000000000000000000000000000000000000000000
00000000000000000000000000000000000000000000000000000000000000000000000000000000000000000000000000000000000000000000000000000000
00000000000000000000000000000000000000000000000000000000000000000000000000000000000000000000000000000000000000000000000000000000
00000000000000000000000000000000000000000000000000000000000000000000000000000000000000000000000000000000000000000000000000000000
00000000000000000000000000000000000000000000000000000000000000000000000000000000000000000000000000000000000000000000000000000000
00000000000000000000000000000000000000000000000000000000000000000000000000000000000000000000000000000000000000000000000000000000
00000000000000000000000000000000000000000000000000000000000000000000000000000000000000000000000000000000000000000000000000000000
00000000000000000000000000000000000000000000000000000000000000000000000000000000000000000000000000000000000000000000000000000000
00000000000000000000000000000000000000000000000000000000000000000000000000000000000000000000000000000000000000000000000000000000
00000000000000000000000000000000000000000000000000000000000000000000000000000000000000000000000000000000000000000000000000000000
00000000000000000000000000000000000000000000000000000000000000000000000000000000000000000000000000000000000000000000000000000000
00000000000000000000000000000000000000000000000000000000000000000000000000000000000000000000000000000000000000000000000000000000
00000000000000000000000000000000000000000000000000000000000000000000000000000000000000000000000000000000000000000000000000000000
00000000000000000000000000000000000000000000000000000000000000000000000000000000000000000000000000000000000000000000000000000000
00000000000000000000000000000000000000000000000000000000000000000000000000000000000000000000000000000000000000000000000000000000
00000000000000000000000000000000000000000000000000000000000000000000000000000000000000000000000000000000000000000000000000000000
00000000000000000000000000000000000000000000000000000000000000000000000000000000000000000000000000000000000000000000000000000000
00000000000000000000000000000000000000000000000000000000000000000000000000000000000000000000000000000000000000000000000000000000
00000000000000000000000000000000000000000000000000000000000000000000000000000000000000000000000000000000000000000000000000000000
00000000000000000000000000000000000000000000000000000000000000000000000000000000000000000000000000000000000000000000000000000000
00000000000000000000000000000000000000000000000000000000000000000000000000000000000000000000000000000000000000000000000000000000
00000000000000000000000000000000000000000000000000000000000000000000000000000000000000000000000000000000000000000000000000000000
00000000000000000000000000000000000000000000000000000000000000000000000000000000000000000000000000000000000000000000000000000000
00000000000000000000000000000000000000000000000000000000000000000000000000000000000000000000000000000000000000000000000000000000
00000000000000000000000000000000000000000000000000000000000000000000000000000000000000000000000000000000000000000000000000000000
00000000000000000000000000000000000000000000000000000000000000000000000000000000000000000000000000000000000000000000000000000000
00000000000000000000000000000000000000000000000000000000000000000000000000000000000000000000000000000000000000000000000000000000
00000000000000000000000000000000000000000000000000000000000000000000000000000000000000000000000000000000000000000000000000000000
00000000000000000000000000000000000000000000000000000000000000000000000000000000000000000000000000000000000000000000000000000000
00000000000000000000000000000000000000000000000000000000000000000000000000000000000000000000000000000000000000000000000000000000
00000000000000000000000000000000000000000000000000000000000000000000000000000000000000000000000000000000000000000000000000000000
00000000000000000000000000000000000000000000000000000000000000000000000000000000000000000000000000000000000000000000000000000000
00000000000000000000000000000000000000000000000000000000000000000000000000000000000000000000000000000000000000000000000000000000
00000000000000000000000000000000000000000000000000000000000000000000000000000000000000000000000000000000000000000000000000000000
00000000000000000000000000000000000000000000000000000000000000000000000000000000000000000000000000000000000000000000000000000000
00000000000000000000000000000000000000000000000000000000000000000000000000000000000000000000000000000000000000000000000000000000
00000000000000000000000000000000000000000000000000000000000000000000000000000000000000000000000000000000000000000000000000000000
00000000000000000000000000000000000000000000000000000000000000000000000000000000000000000000000000000000000000000000000000000000
00000000000000000000000000000000000000000000000000000000000000000000000000000000000000000000000000000000000000000000000000000000
00000000000000000000000000000000000000000000000000000000000000000000000000000000000000000000000000000000000000000000000000000000
00000000000000000000000000000000000000000000000000000000000000000000000000000000000000000000000000000000000000000000000000000000
00000000000000000000000000000000000000000000000000000000000000000000000000000000000000000000000000000000000000000000000000000000
00000000000000000000000000000000000000000000000000000000000000000000000000000000000000000000000000000000000000000000000000000000
00000000000000000000000000000000000000000000000000000000000000000000000000000000000000000000000000000000000000000000000000000000
00000000000000000000000000000000000000000000000000000000000000000000000000000000000000000000000000000000000000000000000000000000
00000000000000000000000000000000000000000000000000000000000000000000000000000000000000000000000000000000000000000000000000000000
00000000000000000000000000000000000000000000000000000000000000000000000000000000000000000000000000000000000000000000000000000000
00000000000000000000000000000000000000000000000000000000000000000000000000000000000000000000000000000000000000000000000000000000
00000000000000000000000000000000000000000000000000000000000000000000000000000000000000000000000000000000000000000000000000000000
00000000000000000000000000000000000000000000000000000000000000000000000000000000000000000000000000000000000000000000000000000000
00000000000000000000000000000000000000000000000000000000000000000000000000000000000000000000000000000000000000000000000000000000
00000000000000000000000000000000000000000000000000000000000000000000000000000000000000000000000000000000000000000000000000000000
00000000000000000000000000000000000000000000000000000000000000000000000000000000000000000000000000000000000000000000000000000000
00000000000000000000000000000000000000000000000000000000000000000000000000000000000000000000000000000000000000000000000000000000
00000000000000000000000000000000000000000000000000000000000000000000000000000000000000000000000000000000000000000000000000000000
00000000000000000000000000000000000000000000000000000000000000000000000000000000000000000000000000000000000000000000000000000000
00000000000000000000000000000000000000000000000000000000000000000000000000000000000000000000000000000000000000000000000000000000
00000000000000000000000000000000000000000000000000000000000000000000000000000000000000000000000000000000000000000000000000000000
00000000000000000000000000000000000000000000000000000000000000000000000000000000000000000000000000000000000000000000000000000000
00000000000000000000000000000000000000000000000000000000000000000000000000000000000000000000000000000000000000000000000000000000
00000000000000000000000000000000000000000000000000000000000000000000000000000000000000000000000000000000000000000000000000000000
00000000000000000000000000000000000000000000000000000000000000000000000000000000000000000000000000000000000000000000000000000000
00000000000000000000000000000000000000000000000000000000000000000000000000000000000000000000000000000000000000000000000000000000
00000000000000000000000000000000000000000000000000000000000000000000000000000000000000000000000000000000000000000000000000000000
00000000000000000000000000000000000000000000000000000000000000000000000000000000000000000000000000000000000000000000000000000000
00000000000000000000000000000000000000000000000000000000000000000000000000000000000000000000000000000000000000000000000000000000
00000000000000000000000000000000000000000000000000000000000000000000000000000000000000000000000000000000000000000000000000000000
00000000000000000000000000000000000000000000000000000000000000000000000000000000000000000000000000000000000000000000000000000000
00000000000000000000000000000000000000000000000000000000000000000000000000000000000000000000000000000000000000000000000000000000
00000000000000000000000000000000000000000000000000000000000000000000000000000000000000000000000000000000000000000000000000000000
00000000000000000000000000000000000000000000000000000000000000000000000000000000000000000000000000000000000000000000000000000000
00000000000000000000000000000000000000000000000000000000000000000000000000000000000000000000000000000000000000000000000000000000
00000000000000000000000000000000000000000000000000000000000000000000000000000000000000000000000000000000000000000000000000000000
00000000000000000000000000000000000000000000000000000000000000000000000000000000000000000000000000000000000000000000000000000000
00000000000000000000000000000000000000000000000000000000000000000000000000000000000000000000000000000000000000000000000000000000
00000000000000000000000000000000000000000000000000000000000000000000000000000000000000000000000000000000000000000000000000000000
00000000000000000000000000000000000000000000000000000000000000000000000000000000000000000000000000000000000000000000000000000000
00000000000000000000000000000000000000000000000000000000000000000000000000000000000000000000000000000000000000000000000000000000
00000000000000000000000000000000000000000000000000000000000000000000000000000000000000000000000000000000000000000000000000000000
00000000000000000000000000000000000000000000000000000000000000000000000000000000000000000000000000000000000000000000000000000000
00000000000000000000000000000000000000000000000000000000000000000000000000000000000000000000000000000000000000000000000000000000
00000000000000000000000000000000000000000000000000000000000000000000000000000000000000000000000000000000000000000000000000000000
00000000000000000000000000000000000000000000000000000000000000000000000000000000000000000000000000000000000000000000000000000000
00000000000000000000000000000000000000000000000000000000000000000000000000000000000000000000000000000000000000000000000000000000
00000000000000000000000000000000000000000000000000000000000000000000000000000000000000000000000000000000000000000000000000000000
00000000000000000000000000000000000000000000000000000000000000000000000000000000000000000000000000000000000000000000000000000000
00000000000000000000000000000000000000000000000000000000000000000000000000000000000000000000000000000000000000000000000000000000
00000000000000000000000000000000000000000000000000000000000000000000000000000000000000000000000000000000000000000000000000000000
00000000000000000000000000000000000000000000000000000000000000000000000000000000000000000000000000000000000000000000000000000000
00000000000000000000000000000000000000000000000000000000000000000000000000000000000000000000000000000000000000000000000000000000
00000000000000000000000000000000000000000000000000000000000000000000000000000000000000000000000000000000000000000000000000000000
00000000000000000000000000000000000000000000000000000000000000000000000000000000000000000000000000000000000000000000000000000000
00000000000000000000000000000000000000000000000000000000000000000000000000000000000000000000000000000000000000000000000000000000
00000000000000000000000000000000000000000000000000000000000000000000000000000000000000000000000000000000000000000000000000000000
00000000000000000000000000000000000000000000000000000000000000000000000000000000000000000000000000000000000000000000000000000000
00000000000000000000000000000000000000000000000000000000000000000000000000000000000000000000000000000000000000000000000000000000
00000000000000000000000000000000000000000000000000000000000000000000000000000000000000000000000000000000000000000000000000000000
00000000000000000000000000000000000000000000000000000000000000000000000000000000000000000000000000000000000000000000000000000000
00000000000000000000000000000000000000000000000000000000000000000000000000000000000000000000000000000000000000000000000000000000
00000000000000000000000000000000000000000000000000000000000000000000000000000000000000000000000000000000000000000000000000000000
00000000000000000000000000000000000000000000000000000000000000000000000000000000000000000000000000000000000000000000000000000000
00000000000000000000000000000000000000000000000000000000000000000000000000000000000000000000000000000000000000000000000000000000
00000000000000000000000000000000000000000000000000000000000000000000000000000000000000000000000000000000000000000000000000000000
00000000000000000000000000000000000000000000000000000000000000000000000000000000000000000000000000000000000000000000000000000000
00000000000000000000000000000000000000000000000000000000000000000000000000000000000000000000000000000000000000000000000000000000
00000000000000000000000000000000000000000000000000000000000000000000000000000000000000000000000000000000000000000000000000000000
00000000000000000000000000000000000000000000000000000000000000000000000000000000000000000000000000000000000000000000000000000000
00000000000000000000000000000000000000000000000000000000000000000000000000000000000000000000000000000000000000000000000000000000
00000000000000000000000000000000000000000000000000000000000000000000000000000000000000000000000000000000000000000000000000000000
00000000000000000000000000000000000000000000000000000000000000000000000000000000000000000000000000000000000000000000000000000000
00000000000000000000000000000000000000000000000000000000000000000000000000000000000000000000000000000000000000000000000000000000
00000000000000000000000000000000000000000000000000000000000000000000000000000000000000000000000000000000000000000000000000000000
00000000000000000000000000000000000000000000000000000000000000000000000000000000000000000000000000000000000000000000000000000000
00000000000000000000000000000000000000000000000000000000000000000000000000000000000000000000000000000000000000000000000000000000
00000000000000000000000000000000000000000000000000000000000000000000000000000000000000000000000000000000000000000000000000000000
00000000000000000000000000000000000000000000000000000000000000000000000000000000000000000000000000000000000000000000000000000000
00000000000000000000000000000000000000000000000000000000000000000000000000000000000000000000000000000000000000000000000000000000
00000000000000000000000000000000000000000000000000000000000000000000000000000000000000000000000000000000000000000000000000000000
00000000000000000000000000000000000000000000000000000000000000000000000000000000000000000000000000000000000000000000000000000000
00000000000000000000000000000000000000000000000000000000000000000000000000000000000000000000000000000000000000000000000000000000
00000000000000000000000000000000000000000000000000000000000000000000000000000000000000000000000000000000000000000000000000000000
00000000000000000000000000000000000000000000000000000000000000000000000000000000000000000000000000000000000000000000000000000000
00000000000000000000000000000000000000000000000000000000000000000000000000000000000000000000000000000000000000000000000000000000
00000000000000000000000000000000000000000000000000000000000000000000000000000000000000000000000000000000000000000000000000000000
00000000000000000000000000000000000000000000000000000000000000000000000000000000000000000000000000000000000000000000000000000000
00000000000000000000000000000000000000000000000000000000000000000000000000000000000000000000000000000000000000000000000000000000
00000000000000000000000000000000000000000000000000000000000000000000000000000000000000000000000000000000000000000000000000000000
00000000000000000000000000000000000000000000000000000000000000000000000000000000000000000000000000000000000000000000000000000000
00000000000000000000000000000000000000000000000000000000000000000000000000000000000000000000000000000000000000000000000000000000
00000000000000000000000000000000000000000000000000000000000000000000000000000000000000000000000000000000000000000000000000000000
00000000000000000000000000000000000000000000000000000000000000000000000000000000000000000000000000000000000000000000000000000000
00000000000000000000000000000000000000000000000000000000000000000000000000000000000000000000000000000000000000000000000000000000
00000000000000000000000000000000000000000000000000000000000000000000000000000000000000000000000000000000000000000000000000000000
00000000000000000000000000000000000000000000000000000000000000000000000000000000000000000000000000000000000000000000000000000000
00000000000000000000000000000000000000000000000000000000000000000000000000000000000000000000000000000000000000000000000000000000
00000000000000000000000000000000000000000000000000000000000000000000000000000000000000000000000000000000000000000000000000000000
00000000000000000000000000000000000000000000000000000000000000000000000000000000000000000000000000000000000000000000000000000000
00000000000000000000000000000000000000000000000000000000000000000000000000000000000000000000000000000000000000000000000000000000
00000000000000000000000000000000000000000000000000000000000000000000000000000000000000000000000000000000000000000000000000000000
00000000000000000000000000000000000000000000000000000000000000000000000000000000000000000000000000000000000000000000000000000000
00000000000000000000000000000000000000000000000000000000000000000000000000000000000000000000000000000000000000000000000000000000
00000000000000000000000000000000000000000000000000000000000000000000000000000000000000000000000000000000000000000000000000000000
00000000000000000000000000000000000000000000000000000000000000000000000000000000000000000000000000000000000000000000000000000000
00000000000000000000000000000000000000000000000000000000000000000000000000000000000000000000000000000000000000000000000000000000
00000000000000000000000000000000000000000000000000000000000000000000000000000000000000000000000000000000000000000000000000000000
00000000000000000000000000000000000000000000000000000000000000000000000000000000000000000000000000000000000000000000000000000000
00000000000000000000000000000000000000000000000000000000000000000000000000000000000000000000000000000000000000000000000000000000
00000000000000000000000000000000000000000000000000000000000000000000000000000000000000000000000000000000000000000000000000000000
00000000000000000000000000000000000000000000000000000000000000000000000000000000000000000000000000000000000000000000000000000000
00000000000000000000000000000000000000000000000000000000000000000000000000000000000000000000000000000000000000000000000000000000
00000000000000000000000000000000000000000000000000000000000000000000000000000000000000000000000000000000000000000000000000000000
00000000000000000000000000000000000000000000000000000000000000000000000000000000000000000000000000000000000000000000000000000000
00000000000000000000000000000000000000000000000000000000000000000000000000000000000000000000000000000000000000000000000000000000
00000000000000000000000000000000000000000000000000000000000000000000000000000000000000000000000000000000000000000000000000000000
00000000000000000000000000000000000000000000000000000000000000000000000000000000000000000000000000000000000000000000000000000000
00000000000000000000000000000000000000000000000000000000000000000000000000000000000000000000000000000000000000000000000000000000
00000000000000000000000000000000000000000000000000000000000000000000000000000000000000000000000000000000000000000000000000000000
00000000000000000000000000000000000000000000000000000000000000000000000000000000000000000000000000000000000000000000000000000000
00000000000000000000000000000000000000000000000000000000000000000000000000000000000000000000000000000000000000000000000000000000
00000000000000000000000000000000000000000000000000000000000000000000000000000000000000000000000000000000000000000000000000000000
00000000000000000000000000000000000000000000000000000000000000000000000000000000000000000000000000000000000000000000000000000000
00000000000000000000000000000000000000000000000000000000000000000000000000000000000000000000000000000000000000000000000000000000
00000000000000000000000000000000000000000000000000000000000000000000000000000000000000000000000000000000000000000000000000000000
00000000000000000000000000000000000000000000000000000000000000000000000000000000000000000000000000000000000000000000000000000000
00000000000000000000000000000000000000000000000000000000000000000000000000000000000000000000000000000000000000000000000000000000
00000000000000000000000000000000000000000000000000000000000000000000000000000000000000000000000000000000000000000000000000000000
00000000000000000000000000000000000000000000000000000000000000000000000000000000000000000000000000000000000000000000000000000000
00000000000000000000000000000000000000000000000000000000000000000000000000000000000000000000000000000000000000000000000000000000
00000000000000000000000000000000000000000000000000000000000000000000000000000000000000000000000000000000000000000000000000000000
00000000000000000000000000000000000000000000000000000000000000000000000000000000000000000000000000000000000000000000000000000000
00000000000000000000000000000000000000000000000000000000000000000000000000000000000000000000000000000000000000000000000000000000
00000000000000000000000000000000000000000000000000000000000000000000000000000000000000000000000000000000000000000000000000000000
00000000000000000000000000000000000000000000000000000000000000000000000000000000000000000000000000000000000000000000000000000000
00000000000000000000000000000000000000000000000000000000000000000000000000000000000000000000000000000000000000000000000000000000
00000000000000000000000000000000000000000000000000000000000000000000000000000000000000000000000000000000000000000000000000000000
00000000000000000000000000000000000000000000000000000000000000000000000000000000000000000000000000000000000000000000000000000000
00000000000000000000000000000000000000000000000000000000000000000000000000000000000000000000000000000000000000000000000000000000
00000000000000000000000000000000000000000000000000000000000000000000000000000000000000000000000000000000000000000000000000000000
00000000000000000000000000000000000000000000000000000000000000000000000000000000000000000000000000000000000000000000000000000000
00000000000000000000000000000000000000000000000000000000000000000000000000000000000000000000000000000000000000000000000000000000
00000000000000000000000000000000000000000000000000000000000000000000000000000000000000000000000000000000000000000000000000000000
00000000000000000000000000000000000000000000000000000000000000000000000000000000000000000000000000000000000000000000000000000000
00000000000000000000000000000000000000000000000000000000000000000000000000000000000000000000000000000000000000000000000000000000
00000000000000000000000000000000000000000000000000000000000000000000000000000000000000000000000000000000000000000000000000000000
00000000000000000000000000000000000000000000000000000000000000000000000000000000000000000000000000000000000000000000000000000000
00000000000000000000000000000000000000000000000000000000000000000000000000000000000000000000000000000000000000000000000000000000
00000000000000000000000000000000000000000000000000000000000000000000000000000000000000000000000000000000000000000000000000000000
00000000000000000000000000000000000000000000000000000000000000000000000000000000000000000000000000000000000000000000000000000000
00000000000000000000000000000000000000000000000000000000000000000000000000000000000000000000000000000000000000000000000000000000
00000000000000000000000000000000000000000000000000000000000000000000000000000000000000000000000000000000000000000000000000000000
00000000000000000000000000000000000000000000000000000000000000000000000000000000000000000000000000000000000000000000000000000000
00000000000000000000000000000000000000000000000000000000000000000000000000000000000000000000000000000000000000000000000000000000
00000000000000000000000000000000000000000000000000000000000000000000000000000000000000000000000000000000000000000000000000000000
00000000000000000000000000000000000000000000000000000000000000000000000000000000000000000000000000000000000000000000000000000000
00000000000000000000000000000000000000000000000000000000000000000000000000000000000000000000000000000000000000000000000000000000
00000000000000000000000000000000000000000000000000000000000000000000000000000000000000000000000000000000000000000000000000000000
00000000000000000000000000000000000000000000000000000000000000000000000000000000000000000000000000000000000000000000000000000000
00000000000000000000000000000000000000000000000000000000000000000000000000000000000000000000000000000000000000000000000000000000
00000000000000000000000000000000000000000000000000000000000000000000000000000000000000000000000000000000000000000000000000000000
00000000000000000000000000000000000000000000000000000000000000000000000000000000000000000000000000000000000000000000000000000000
00000000000000000000000000000000000000000000000000000000000000000000000000000000000000000000000000000000000000000000000000000000
00000000000000000000000000000000000000000000000000000000000000000000000000000000000000000000000000000000000000000000000000000000
00000000000000000000000000000000000000000000000000000000000000000000000000000000000000000000000000000000000000000000000000000000
00000000000000000000000000000000000000000000000000000000000000000000000000000000000000000000000000000000000000000000000000000000
00000000000000000000000000000000000000000000000000000000000000000000000000000000000000000000000000000000000000000000000000000000
00000000000000000000000000000000000000000000000000000000000000000000000000000000000000000000000000000000000000000000000000000000
00000000000000000000000000000000000000000000000000000000000000000000000000000000000000000000000000000000000000000000000000000000
00000000000000000000000000000000000000000000000000000000000000000000000000000000000000000000000000000000000000000000000000000000
00000000000000000000000000000000000000000000000000000000000000000000000000000000000000000000000000000000000000000000000000000000
00000000000000000000000000000000000000000000000000000000000000000000000000000000000000000000000000000000000000000000000000000000
00000000000000000000000000000000000000000000000000000000000000000000000000000000000000000000000000000000000000000000000000000000
00000000000000000000000000000000000000000000000000000000000000000000000000000000000000000000000000000000000000000000000000000000
00000000000000000000000000000000000000000000000000000000000000000000000000000000000000000000000000000000000000000000000000000000
00000000000000000000000000000000000000000000000000000000000000000000000000000000000000000000000000000000000000000000000000000000
00000000000000000000000000000000000000000000000000000000000000000000000000000000000000000000000000000000000000000000000000000000
00000000000000000000000000000000000000000000000000000000000000000000000000000000000000000000000000000000000000000000000000000000
00000000000000000000000000000000000000000000000000000000000000000000000000000000000000000000000000000000000000000000000000000000
00000000000000000000000000000000000000000000000000000000000000000000000000000000000000000000000000000000000000000000000000000000
00000000000000000000000000000000000000000000000000000000000000000000000000000000000000000000000000000000000000000000000000000000
00000000000000000000000000000000000000000000000000000000000000000000000000000000000000000000000000000000000000000000000000000000
00000000000000000000000000000000000000000000000000000000000000000000000000000000000000000000000000000000000000000000000000000000
00000000000000000000000000000000000000000000000000000000000000000000000000000000000000000000000000000000000000000000000000000000
00000000000000000000000000000000000000000000000000000000000000000000000000000000000000000000000000000000000000000000000000000000
00000000000000000000000000000000000000000000000000000000000000000000000000000000000000000000000000000000000000000000000000000000
00000000000000000000000000000000000000000000000000000000000000000000000000000000000000000000000000000000000000000000000000000000
00000000000000000000000000000000000000000000000000000000000000000000000000000000000000000000000000000000000000000000000000000000
00000000000000000000000000000000000000000000000000000000000000000000000000000000000000000000000000000000000000000000000000000000
00000000000000000000000000000000000000000000000000000000000000000000000000000000000000000000000000000000000000000000000000000000
00000000000000000000000000000000000000000000000000000000000000000000000000000000000000000000000000000000000000000000000000000000
00000000000000000000000000000000000000000000000000000000000000000000000000000000000000000000000000000000000000000000000000000000
00000000000000000000000000000000000000000000000000000000000000000000000000000000000000000000000000000000000000000000000000000000
00000000000000000000000000000000000000000000000000000000000000000000000000000000000000000000000000000000000000000000000000000000
00000000000000000000000000000000000000000000000000000000000000000000000000000000000000000000000000000000000000000000000000000000
00000000000000000000000000000000000000000000000000000000000000000000000000000000000000000000000000000000000000000000000000000000
00000000000000000000000000000000000000000000000000000000000000000000000000000000000000000000000000000000000000000000000000000000
00000000000000000000000000000000000000000000000000000000000000000000000000000000000000000000000000000000000000000000000000000000
00000000000000000000000000000000000000000000000000000000000000000000000000000000000000000000000000000000000000000000000000000000
00000000000000000000000000000000000000000000000000000000000000000000000000000000000000000000000000000000000000000000000000000000
00000000000000000000000000000000000000000000000000000000000000000000000000000000000000000000000000000000000000000000000000000000
00000000000000000000000000000000000000000000000000000000000000000000000000000000000000000000000000000000000000000000000000000000
00000000000000000000000000000000000000000000000000000000000000000000000000000000000000000000000000000000000000000000000000000000
00000000000000000000000000000000000000000000000000000000000000000000000000000000000000000000000000000000000000000000000000000000
00000000000000000000000000000000000000000000000000000000000000000000000000000000000000000000000000000000000000000000000000000000
00000000000000000000000000000000000000000000000000000000000000000000000000000000000000000000000000000000000000000000000000000000
00000000000000000000000000000000000000000000000000000000000000000000000000000000000000000000000000000000000000000000000000000000
00000000000000000000000000000000000000000000000000000000000000000000000000000000000000000000000000000000000000000000000000000000
00000000000000000000000000000000000000000000000000000000000000000000000000000000000000000000000000000000000000000000000000000000
00000000000000000000000000000000000000000000000000000000000000000000000000000000000000000000000000000000000000000000000000000000
00000000000000000000000000000000000000000000000000000000000000000000000000000000000000000000000000000000000000000000000000000000
00000000000000000000000000000000000000000000000000000000000000000000000000000000000000000000000000000000000000000000000000000000
00000000000000000000000000000000000000000000000000000000000000000000000000000000000000000000000000000000000000000000000000000000
00000000000000000000000000000000000000000000000000000000000000000000000000000000000000000000000000000000000000000000000000000000
00000000000000000000000000000000000000000000000000000000000000000000000000000000000000000000000000000000000000000000000000000000
00000000000000000000000000000000000000000000000000000000000000000000000000000000000000000000000000000000000000000000000000000000
00000000000000000000000000000000000000000000000000000000000000000000000000000000000000000000000000000000000000000000000000000000
00000000000000000000000000000000000000000000000000000000000000000000000000000000000000000000000000000000000000000000000000000000
00000000000000000000000000000000000000000000000000000000000000000000000000000000000000000000000000000000000000000000000000000000
00000000000000000000000000000000000000000000000000000000000000000000000000000000000000000000000000000000000000000000000000000000
00000000000000000000000000000000000000000000000000000000000000000000000000000000000000000000000000000000000000000000000000000000
00000000000000000000000000000000000000000000000000000000000000000000000000000000000000000000000000000000000000000000000000000000
00000000000000000000000000000000000000000000000000000000000000000000000000000000000000000000000000000000000000000000000000000000
00000000000000000000000000000000000000000000000000000000000000000000000000000000000000000000000000000000000000000000000000000000
00000000000000000000000000000000000000000000000000000000000000000000000000000000000000000000000000000000000000000000000000000000
00000000000000000000000000000000000000000000000000000000000000000000000000000000000000000000000000000000000000000000000000000000
00000000000000000000000000000000000000000000000000000000000000000000000000000000000000000000000000000000000000000000000000000000
00000000000000000000000000000000000000000000000000000000000000000000000000000000000000000000000000000000000000000000000000000000
00000000000000000000000000000000000000000000000000000000000000000000000000000000000000000000000000000000000000000000000000000000
00000000000000000000000000000000000000000000000000000000000000000000000000000000000000000000000000000000000000000000000000000000
00000000000000000000000000000000000000000000000000000000000000000000000000000000000000000000000000000000000000000000000000000000
00000000000000000000000000000000000000000000000000000000000000000000000000000000000000000000000000000000000000000000000000000000
00000000000000000000000000000000000000000000000000000000000000000000000000000000000000000000000000000000000000000000000000000000
00000000000000000000000000000000000000000000000000000000000000000000000000000000000000000000000000000000000000000000000000000000
00000000000000000000000000000000000000000000000000000000000000000000000000000000000000000000000000000000000000000000000000000000
00000000000000000000000000000000000000000000000000000000000000000000000000000000000000000000000000000000000000000000000000000000
00000000000000000000000000000000000000000000000000000000000000000000000000000000000000000000000000000000000000000000000000000000
00000000000000000000000000000000000000000000000000000000000000000000000000000000000000000000000000000000000000000000000000000000
00000000000000000000000000000000000000000000000000000000000000000000000000000000000000000000000000000000000000000000000000000000
00000000000000000000000000000000000000000000000000000000000000000000000000000000000000000000000000000000000000000000000000000000
00000000000000000000000000000000000000000000000000000000000000000000000000000000000000000000000000000000000000000000000000000000
00000000000000000000000000000000000000000000000000000000000000000000000000000000000000000000000000000000000000000000000000000000
00000000000000000000000000000000000000000000000000000000000000000000000000000000000000000000000000000000000000000000000000000000
00000000000000000000000000000000000000000000000000000000000000000000000000000000000000000000000000000000000000000000000000000000
00000000000000000000000000000000000000000000000000000000000000000000000000000000000000000000000000000000000000000000000000000000
00000000000000000000000000000000000000000000000000000000000000000000000000000000000000000000000000000000000000000000000000000000
00000000000000000000000000000000000000000000000000000000000000000000000000000000000000000000000000000000000000000000000000000000
00000000000000000000000000000000000000000000000000000000000000000000000000000000000000000000000000000000000000000000000000000000
00000000000000000000000000000000000000000000000000000000000000000000000000000000000000000000000000000000000000000000000000000000
00000000000000000000000000000000000000000000000000000000000000000000000000000000000000000000000000000000000000000000000000000000
00000000000000000000000000000000000000000000000000000000000000000000000000000000000000000000000000000000000000000000000000000000
00000000000000000000000000000000000000000000000000000000000000000000000000000000000000000000000000000000000000000000000000000000
00000000000000000000000000000000000000000000000000000000000000000000000000000000000000000000000000000000000000000000000000000000
00000000000000000000000000000000000000000000000000000000000000000000000000000000000000000000000000000000000000000000000000000000
00000000000000000000000000000000000000000000000000000000000000000000000000000000000000000000000000000000000000000000000000000000
00000000000000000000000000000000000000000000000000000000000000000000000000000000000000000000000000000000000000000000000000000000
00000000000000000000000000000000000000000000000000000000000000000000000000000000000000000000000000000000000000000000000000000000
00000000000000000000000000000000000000000000000000000000000000000000000000000000000000000000000000000000000000000000000000000000
00000000000000000000000000000000000000000000000000000000000000000000000000000000000000000000000000000000000000000000000000000000
00000000000000000000000000000000000000000000000000000000000000000000000000000000000000000000000000000000000000000000000000000000
00000000000000000000000000000000000000000000000000000000000000000000000000000000000000000000000000000000000000000000000000000000
00000000000000000000000000000000000000000000000000000000000000000000000000000000000000000000000000000000000000000000000000000000
00000000000000000000000000000000000000000000000000000000000000000000000000000000000000000000000000000000000000000000000000000000
00000000000000000000000000000000000000000000000000000000000000000000000000000000000000000000000000000000000000000000000000000000
00000000000000000000000000000000000000000000000000000000000000000000000000000000000000000000000000000000000000000000000000000000
00000000000000000000000000000000000000000000000000000000000000000000000000000000000000000000000000000000000000000000000000000000
00000000000000000000000000000000000000000000000000000000000000000000000000000000000000000000000000000000000000000000000000000000
00000000000000000000000000000000000000000000000000000000000000000000000000000000000000000000000000000000000000000000000000000000
00000000000000000000000000000000000000000000000000000000000000000000000000000000000000000000000000000000000000000000000000000000
00000000000000000000000000000000000000000000000000000000000000000000000000000000000000000000000000000000000000000000000000000000
00000000000000000000000000000000000000000000000000000000000000000000000000000000000000000000000000000000000000000000000000000000
00000000000000000000000000000000000000000000000000000000000000000000000000000000000000000000000000000000000000000000000000000000
00000000000000000000000000000000000000000000000000000000000000000000000000000000000000000000000000000000000000000000000000000000
00000000000000000000000000000000000000000000000000000000000000000000000000000000000000000000000000000000000000000000000000000000
00000000000000000000000000000000000000000000000000000000000000000000000000000000000000000000000000000000000000000000000000000000
00000000000000000000000000000000000000000000000000000000000000000000000000000000000000000000000000000000000000000000000000000000
00000000000000000000000000000000000000000000000000000000000000000000000000000000000000000000000000000000000000000000000000000000
00000000000000000000000000000000000000000000000000000000000000000000000000000000000000000000000000000000000000000000000000000000
00000000000000000000000000000000000000000000000000000000000000000000000000000000000000000000000000000000000000000000000000000000
00000000000000000000000000000000000000000000000000000000000000000000000000000000000000000000000000000000000000000000000000000000
00000000000000000000000000000000000000000000000000000000000000000000000000000000000000000000000000000000000000000000000000000000
00000000000000000000000000000000000000000000000000000000000000000000000000000000000000000000000000000000000000000000000000000000
00000000000000000000000000000000000000000000000000000000000000000000000000000000000000000000000000000000000000000000000000000000
00000000000000000000000000000000000000000000000000000000000000000000000000000000000000000000000000000000000000000000000000000000
00000000000000000000000000000000000000000000000000000000000000000000000000000000000000000000000000000000000000000000000000000000
00000000000000000000000000000000000000000000000000000000000000000000000000000000000000000000000000000000000000000000000000000000
00000000000000000000000000000000000000000000000000000000000000000000000000000000000000000000000000000000000000000000000000000000
00000000000000000000000000000000000000000000000000000000000000000000000000000000000000000000000000000000000000000000000000000000
00000000000000000000000000000000000000000000000000000000000000000000000000000000000000000000000000000000000000000000000000000000
00000000000000000000000000000000000000000000000000000000000000000000000000000000000000000000000000000000000000000000000000000000
00000000000000000000000000000000000000000000000000000000000000000000000000000000000000000000000000000000000000000000000000000000
00000000000000000000000000000000000000000000000000000000000000000000000000000000000000000000000000000000000000000000000000000000
00000000000000000000000000000000000000000000000000000000000000000000000000000000000000000000000000000000000000000000000000000000
00000000000000000000000000000000000000000000000000000000000000000000000000000000000000000000000000000000000000000000000000000000
00000000000000000000000000000000000000000000000000000000000000000000000000000000000000000000000000000000000000000000000000000000
00000000000000000000000000000000000000000000000000000000000000000000000000000000000000000000000000000000000000000000000000000000
00000000000000000000000000000000000000000000000000000000000000000000000000000000000000000000000000000000000000000000000000000000
00000000000000000000000000000000000000000000000000000000000000000000000000000000000000000000000000000000000000000000000000000000
00000000000000000000000000000000000000000000000000000000000000000000000000000000000000000000000000000000000000000000000000000000
00000000000000000000000000000000000000000000000000000000000000000000000000000000000000000000000000000000000000000000000000000000
00000000000000000000000000000000000000000000000000000000000000000000000000000000000000000000000000000000000000000000000000000000
00000000000000000000000000000000000000000000000000000000000000000000000000000000000000000000000000000000000000000000000000000000
00000000000000000000000000000000000000000000000000000000000000000000000000000000000000000000000000000000000000000000000000000000
00000000000000000000000000000000000000000000000000000000000000000000000000000000000000000000000000000000000000000000000000000000
00000000000000000000000000000000000000000000000000000000000000000000000000000000000000000000000000000000000000000000000000000000
00000000000000000000000000000000000000000000000000000000000000000000000000000000000000000000000000000000000000000000000000000000
00000000000000000000000000000000000000000000000000000000000000000000000000000000000000000000000000000000000000000000000000000000
00000000000000000000000000000000000000000000000000000000000000000000000000000000000000000000000000000000000000000000000000000000
00000000000000000000000000000000000000000000000000000000000000000000000000000000000000000000000000000000000000000000000000000000
00000000000000000000000000000000000000000000000000000000000000000000000000000000000000000000000000000000000000000000000000000000
00000000000000000000000000000000000000000000000000000000000000000000000000000000000000000000000000000000000000000000000000000000
00000000000000000000000000000000000000000000000000000000000000000000000000000000000000000000000000000000000000000000000000000000
00000000000000000000000000000000000000000000000000000000000000000000000000000000000000000000000000000000000000000000000000000000
00000000000000000000000000000000000000000000000000000000000000000000000000000000000000000000000000000000000000000000000000000000
00000000000000000000000000000000000000000000000000000000000000000000000000000000000000000000000000000000000000000000000000000000
00000000000000000000000000000000000000000000000000000000000000000000000000000000000000000000000000000000000000000000000000000000
00000000000000000000000000000000000000000000000000000000000000000000000000000000000000000000000000000000000000000000000000000000
00000000000000000000000000000000000000000000000000000000000000000000000000000000000000000000000000000000000000000000000000000000
00000000000000000000000000000000000000000000000000000000000000000000000000000000000000000000000000000000000000000000000000000000
00000000000000000000000000000000000000000000000000000000000000000000000000000000000000000000000000000000000000000000000000000000
00000000000000000000000000000000000000000000000000000000000000000000000000000000000000000000000000000000000000000000000000000000
00000000000000000000000000000000000000000000000000000000000000000000000000000000000000000000000000000000000000000000000000000000
00000000000000000000000000000000000000000000000000000000000000000000000000000000000000000000000000000000000000000000000000000000
00000000000000000000000000000000000000000000000000000000000000000000000000000000000000000000000000000000000000000000000000000000
00000000000000000000000000000000000000000000000000000000000000000000000000000000000000000000000000000000000000000000000000000000
00000000000000000000000000000000000000000000000000000000000000000000000000000000000000000000000000000000000000000000000000000000
00000000000000000000000000000000000000000000000000000000000000000000000000000000000000000000000000000000000000000000000000000000
00000000000000000000000000000000000000000000000000000000000000000000000000000000000000000000000000000000000000000000000000000000
00000000000000000000000000000000000000000000000000000000000000000000000000000000000000000000000000000000000000000000000000000000
00000000000000000000000000000000000000000000000000000000000000000000000000000000000000000000000000000000000000000000000000000000
00000000000000000000000000000000000000000000000000000000000000000000000000000000000000000000000000000000000000000000000000000000
00000000000000000000000000000000000000000000000000000000000000000000000000000000000000000000000000000000000000000000000000000000
00000000000000000000000000000000000000000000000000000000000000000000000000000000000000000000000000000000000000000000000000000000
00000000000000000000000000000000000000000000000000000000000000000000000000000000000000000000000000000000000000000000000000000000
00000000000000000000000000000000000000000000000000000000000000000000000000000000000000000000000000000000000000000000000000000000
00000000000000000000000000000000000000000000000000000000000000000000000000000000000000000000000000000000000000000000000000000000
00000000000000000000000000000000000000000000000000000000000000000000000000000000000000000000000000000000000000000000000000000000
00000000000000000000000000000000000000000000000000000000000000000000000000000000000000000000000000000000000000000000000000000000
00000000000000000000000000000000000000000000000000000000000000000000000000000000000000000000000000000000000000000000000000000000
00000000000000000000000000000000000000000000000000000000000000000000000000000000000000000000000000000000000000000000000000000000
00000000000000000000000000000000000000000000000000000000000000000000000000000000000000000000000000000000000000000000000000000000
00000000000000000000000000000000000000000000000000000000000000000000000000000000000000000000000000000000000000000000000000000000
00000000000000000000000000000000000000000000000000000000000000000000000000000000000000000000000000000000000000000000000000000000
00000000000000000000000000000000000000000000000000000000000000000000000000000000000000000000000000000000000000000000000000000000
00000000000000000000000000000000000000000000000000000000000000000000000000000000000000000000000000000000000000000000000000000000
00000000000000000000000000000000000000000000000000000000000000000000000000000000000000000000000000000000000000000000000000000000
00000000000000000000000000000000000000000000000000000000000000000000000000000000000000000000000000000000000000000000000000000000
00000000000000000000000000000000000000000000000000000000000000000000000000000000000000000000000000000000000000000000000000000000
00000000000000000000000000000000000000000000000000000000000000000000000000000000000000000000000000000000000000000000000000000000
00000000000000000000000000000000000000000000000000000000000000000000000000000000000000000000000000000000000000000000000000000000
00000000000000000000000000000000000000000000000000000000000000000000000000000000000000000000000000000000000000000000000000000000
00000000000000000000000000000000000000000000000000000000000000000000000000000000000000000000000000000000000000000000000000000000
00000000000000000000000000000000000000000000000000000000000000000000000000000000000000000000000000000000000000000000000000000000
00000000000000000000000000000000000000000000000000000000000000000000000000000000000000000000000000000000000000000000000000000000
00000000000000000000000000000000000000000000000000000000000000000000000000000000000000000000000000000000000000000000000000000000
00000000000000000000000000000000000000000000000000000000000000000000000000000000000000000000000000000000000000000000000000000000
00000000000000000000000000000000000000000000000000000000000000000000000000000000000000000000000000000000000000000000000000000000
00000000000000000000000000000000000000000000000000000000000000000000000000000000000000000000000000000000000000000000000000000000
00000000000000000000000000000000000000000000000000000000000000000000000000000000000000000000000000000000000000000000000000000000
00000000000000000000000000000000000000000000000000000000000000000000000000000000000000000000000000000000000000000000000000000000
00000000000000000000000000000000000000000000000000000000000000000000000000000000000000000000000000000000000000000000000000000000
00000000000000000000000000000000000000000000000000000000000000000000000000000000000000000000000000000000000000000000000000000000
00000000000000000000000000000000000000000000000000000000000000000000000000000000000000000000000000000000000000000000000000000000
00000000000000000000000000000000000000000000000000000000000000000000000000000000000000000000000000000000000000000000000000000000
00000000000000000000000000000000000000000000000000000000000000000000000000000000000000000000000000000000000000000000000000000000
00000000000000000000000000000000000000000000000000000000000000000000000000000000000000000000000000000000000000000000000000000000
00000000000000000000000000000000000000000000000000000000000000000000000000000000000000000000000000000000000000000000000000000000
00000000000000000000000000000000000000000000000000000000000000000000000000000000000000000000000000000000000000000000000000000000
00000000000000000000000000000000000000000000000000000000000000000000000000000000000000000000000000000000000000000000000000000000
00000000000000000000000000000000000000000000000000000000000000000000000000000000000000000000000000000000000000000000000000000000
00000000000000000000000000000000000000000000000000000000000000000000000000000000000000000000000000000000000000000000000000000000
00000000000000000000000000000000000000000000000000000000000000000000000000000000000000000000000000000000000000000000000000000000
00000000000000000000000000000000000000000000000000000000000000000000000000000000000000000000000000000000000000000000000000000000
00000000000000000000000000000000000000000000000000000000000000000000000000000000000000000000000000000000000000000000000000000000
00000000000000000000000000000000000000000000000000000000000000000000000000000000000000000000000000000000000000000000000000000000
00000000000000000000000000000000000000000000000000000000000000000000000000000000000000000000000000000000000000000000000000000000
00000000000000000000000000000000000000000000000000000000000000000000000000000000000000000000000000000000000000000000000000000000
00000000000000000000000000000000000000000000000000000000000000000000000000000000000000000000000000000000000000000000000000000000
00000000000000000000000000000000000000000000000000000000000000000000000000000000000000000000000000000000000000000000000000000000
00000000000000000000000000000000000000000000000000000000000000000000000000000000000000000000000000000000000000000000000000000000
00000000000000000000000000000000000000000000000000000000000000000000000000000000000000000000000000000000000000000000000000000000
00000000000000000000000000000000000000000000000000000000000000000000000000000000000000000000000000000000000000000000000000000000
00000000000000000000000000000000000000000000000000000000000000000000000000000000000000000000000000000000000000000000000000000000
00000000000000000000000000000000000000000000000000000000000000000000000000000000000000000000000000000000000000000000000000000000
00000000000000000000000000000000000000000000000000000000000000000000000000000000000000000000000000000000000000000000000000000000
00000000000000000000000000000000000000000000000000000000000000000000000000000000000000000000000000000000000000000000000000000000
00000000000000000000000000000000000000000000000000000000000000000000000000000000000000000000000000000000000000000000000000000000
00000000000000000000000000000000000000000000000000000000000000000000000000000000000000000000000000000000000000000000000000000000
00000000000000000000000000000000000000000000000000000000000000000000000000000000000000000000000000000000000000000000000000000000
00000000000000000000000000000000000000000000000000000000000000000000000000000000000000000000000000000000000000000000000000000000
00000000000000000000000000000000000000000000000000000000000000000000000000000000000000000000000000000000000000000000000000000000
00000000000000000000000000000000000000000000000000000000000000000000000000000000000000000000000000000000000000000000000000000000
00000000000000000000000000000000000000000000000000000000000000000000000000000000000000000000000000000000000000000000000000000000
00000000000000000000000000000000000000000000000000000000000000000000000000000000000000000000000000000000000000000000000000000000
00000000000000000000000000000000000000000000000000000000000000000000000000000000000000000000000000000000000000000000000000000000
00000000000000000000000000000000000000000000000000000000000000000000000000000000000000000000000000000000000000000000000000000000
00000000000000000000000000000000000000000000000000000000000000000000000000000000000000000000000000000000000000000000000000000000
00000000000000000000000000000000000000000000000000000000000000000000000000000000000000000000000000000000000000000000000000000000
00000000000000000000000000000000000000000000000000000000000000000000000000000000000000000000000000000000000000000000000000000000
00000000000000000000000000000000000000000000000000000000000000000000000000000000000000000000000000000000000000000000000000000000
00000000000000000000000000000000000000000000000000000000000000000000000000000000000000000000000000000000000000000000000000000000
00000000000000000000000000000000000000000000000000000000000000000000000000000000000000000000000000000000000000000000000000000000
00000000000000000000000000000000000000000000000000000000000000000000000000000000000000000000000000000000000000000000000000000000
00000000000000000000000000000000000000000000000000000000000000000000000000000000000000000000000000000000000000000000000000000000
00000000000000000000000000000000000000000000000000000000000000000000000000000000000000000000000000000000000000000000000000000000
00000000000000000000000000000000000000000000000000000000000000000000000000000000000000000000000000000000000000000000000000000000
00000000000000000000000000000000000000000000000000000000000000000000000000000000000000000000000000000000000000000000000000000000
00000000000000000000000000000000000000000000000000000000000000000000000000000000000000000000000000000000000000000000000000000000
00000000000000000000000000000000000000000000000000000000000000000000000000000000000000000000000000000000000000000000000000000000
00000000000000000000000000000000000000000000000000000000000000000000000000000000000000000000000000000000000000000000000000000000
00000000000000000000000000000000000000000000000000000000000000000000000000000000000000000000000000000000000000000000000000000000
00000000000000000000000000000000000000000000000000000000000000000000000000000000000000000000000000000000000000000000000000000000
00000000000000000000000000000000000000000000000000000000000000000000000000000000000000000000000000000000000000000000000000000000
00000000000000000000000000000000000000000000000000000000000000000000000000000000000000000000000000000000000000000000000000000000
00000000000000000000000000000000000000000000000000000000000000000000000000000000000000000000000000000000000000000000000000000000
00000000000000000000000000000000000000000000000000000000000000000000000000000000000000000000000000000000000000000000000000000000
00000000000000000000000000000000000000000000000000000000000000000000000000000000000000000000000000000000000000000000000000000000
00000000000000000000000000000000000000000000000000000000000000000000000000000000000000000000000000000000000000000000000000000000
00000000000000000000000000000000000000000000000000000000000000000000000000000000000000000000000000000000000000000000000000000000
00000000000000000000000000000000000000000000000000000000000000000000000000000000000000000000000000000000000000000000000000000000
00000000000000000000000000000000000000000000000000000000000000000000000000000000000000000000000000000000000000000000000000000000
00000000000000000000000000000000000000000000000000000000000000000000000000000000000000000000000000000000000000000000000000000000
00000000000000000000000000000000000000000000000000000000000000000000000000000000000000000000000000000000000000000000000000000000
00000000000000000000000000000000000000000000000000000000000000000000000000000000000000000000000000000000000000000000000000000000
00000000000000000000000000000000000000000000000000000000000000000000000000000000000000000000000000000000000000000000000000000000
00000000000000000000000000000000000000000000000000000000000000000000000000000000000000000000000000000000000000000000000000000000
00000000000000000000000000000000000000000000000000000000000000000000000000000000000000000000000000000000000000000000000000000000
00000000000000000000000000000000000000000000000000000000000000000000000000000000000000000000000000000000000000000000000000000000
00000000000000000000000000000000000000000000000000000000000000000000000000000000000000000000000000000000000000000000000000000000
00000000000000000000000000000000000000000000000000000000000000000000000000000000000000000000000000000000000000000000000000000000
00000000000000000000000000000000000000000000000000000000000000000000000000000000000000000000000000000000000000000000000000000000
00000000000000000000000000000000000000000000000000000000000000000000000000000000000000000000000000000000000000000000000000000000
00000000000000000000000000000000000000000000000000000000000000000000000000000000000000000000000000000000000000000000000000000000
00000000000000000000000000000000000000000000000000000000000000000000000000000000000000000000000000000000000000000000000000000000
00000000000000000000000000000000000000000000000000000000000000000000000000000000000000000000000000000000000000000000000000000000
00000000000000000000000000000000000000000000000000000000000000000000000000000000000000000000000000000000000000000000000000000000
00000000000000000000000000000000000000000000000000000000000000000000000000000000000000000000000000000000000000000000000000000000
00000000000000000000000000000000000000000000000000000000000000000000000000000000000000000000000000000000000000000000000000000000
00000000000000000000000000000000000000000000000000000000000000000000000000000000000000000000000000000000000000000000000000000000
00000000000000000000000000000000000000000000000000000000000000000000000000000000000000000000000000000000000000000000000000000000
00000000000000000000000000000000000000000000000000000000000000000000000000000000000000000000000000000000000000000000000000000000
00000000000000000000000000000000000000000000000000000000000000000000000000000000000000000000000000000000000000000000000000000000
00000000000000000000000000000000000000000000000000000000000000000000000000000000000000000000000000000000000000000000000000000000
00000000000000000000000000000000000000000000000000000000000000000000000000000000000000000000000000000000000000000000000000000000
00000000000000000000000000000000000000000000000000000000000000000000000000000000000000000000000000000000000000000000000000000000
00000000000000000000000000000000000000000000000000000000000000000000000000000000000000000000000000000000000000000000000000000000
00000000000000000000000000000000000000000000000000000000000000000000000000000000000000000000000000000000000000000000000000000000
00000000000000000000000000000000000000000000000000000000000000000000000000000000000000000000000000000000000000000000000000000000
00000000000000000000000000000000000000000000000000000000000000000000000000000000000000000000000000000000000000000000000000000000
00000000000000000000000000000000000000000000000000000000000000000000000000000000000000000000000000000000000000000000000000000000
00000000000000000000000000000000000000000000000000000000000000000000000000000000000000000000000000000000000000000000000000000000
00000000000000000000000000000000000000000000000000000000000000000000000000000000000000000000000000000000000000000000000000000000
00000000000000000000000000000000000000000000000000000000000000000000000000000000000000000000000000000000000000000000000000000000
00000000000000000000000000000000000000000000000000000000000000000000000000000000000000000000000000000000000000000000000000000000
00000000000000000000000000000000000000000000000000000000000000000000000000000000000000000000000000000000000000000000000000000000
00000000000000000000000000000000000000000000000000000000000000000000000000000000000000000000000000000000000000000000000000000000
00000000000000000000000000000000000000000000000000000000000000000000000000000000000000000000000000000000000000000000000000000000
00000000000000000000000000000000000000000000000000000000000000000000000000000000000000000000000000000000000000000000000000000000
00000000000000000000000000000000000000000000000000000000000000000000000000000000000000000000000000000000000000000000000000000000
00000000000000000000000000000000000000000000000000000000000000000000000000000000000000000000000000000000000000000000000000000000
00000000000000000000000000000000000000000000000000000000000000000000000000000000000000000000000000000000000000000000000000000000
00000000000000000000000000000000000000000000000000000000000000000000000000000000000000000000000000000000000000000000000000000000
00000000000000000000000000000000000000000000000000000000000000000000000000000000000000000000000000000000000000000000000000000000
00000000000000000000000000000000000000000000000000000000000000000000000000000000000000000000000000000000000000000000000000000000
00000000000000000000000000000000000000000000000000000000000000000000000000000000000000000000000000000000000000000000000000000000
00000000000000000000000000000000000000000000000000000000000000000000000000000000000000000000000000000000000000000000000000000000
00000000000000000000000000000000000000000000000000000000000000000000000000000000000000000000000000000000000000000000000000000000
00000000000000000000000000000000000000000000000000000000000000000000000000000000000000000000000000000000000000000000000000000000
00000000000000000000000000000000000000000000000000000000000000000000000000000000000000000000000000000000000000000000000000000000
00000000000000000000000000000000000000000000000000000000000000000000000000000000000000000000000000000000000000000000000000000000
00000000000000000000000000000000000000000000000000000000000000000000000000000000000000000000000000000000000000000000000000000000
00000000000000000000000000000000000000000000000000000000000000000000000000000000000000000000000000000000000000000000000000000000
00000000000000000000000000000000000000000000000000000000000000000000000000000000000000000000000000000000000000000000000000000000
00000000000000000000000000000000000000000000000000000000000000000000000000000000000000000000000000000000000000000000000000000000
00000000000000000000000000000000000000000000000000000000000000000000000000000000000000000000000000000000000000000000000000000000
00000000000000000000000000000000000000000000000000000000000000000000000000000000000000000000000000000000000000000000000000000000
00000000000000000000000000000000000000000000000000000000000000000000000000000000000000000000000000000000000000000000000000000000
00000000000000000000000000000000000000000000000000000000000000000000000000000000000000000000000000000000000000000000000000000000
00000000000000000000000000000000000000000000000000000000000000000000000000000000000000000000000000000000000000000000000000000000
00000000000000000000000000000000000000000000000000000000000000000000000000000000000000000000000000000000000000000000000000000000
00000000000000000000000000000000000000000000000000000000000000000000000000000000000000000000000000000000000000000000000000000000
00000000000000000000000000000000000000000000000000000000000000000000000000000000000000000000000000000000000000000000000000000000
00000000000000000000000000000000000000000000000000000000000000000000000000000000000000000000000000000000000000000000000000000000
00000000000000000000000000000000000000000000000000000000000000000000000000000000000000000000000000000000000000000000000000000000
00000000000000000000000000000000000000000000000000000000000000000000000000000000000000000000000000000000000000000000000000000000
00000000000000000000000000000000000000000000000000000000000000000000000000000000000000000000000000000000000000000000000000000000
00000000000000000000000000000000000000000000000000000000000000000000000000000000000000000000000000000000000000000000000000000000
00000000000000000000000000000000000000000000000000000000000000000000000000000000000000000000000000000000000000000000000000000000
00000000000000000000000000000000000000000000000000000000000000000000000000000000000000000000000000000000000000000000000000000000
00000000000000000000000000000000000000000000000000000000000000000000000000000000000000000000000000000000000000000000000000000000
00000000000000000000000000000000000000000000000000000000000000000000000000000000000000000000000000000000000000000000000000000000
00000000000000000000000000000000000000000000000000000000000000000000000000000000000000000000000000000000000000000000000000000000
00000000000000000000000000000000000000000000000000000000000000000000000000000000000000000000000000000000000000000000000000000000
00000000000000000000000000000000000000000000000000000000000000000000000000000000000000000000000000000000000000000000000000000000
00000000000000000000000000000000000000000000000000000000000000000000000000000000000000000000000000000000000000000000000000000000
00000000000000000000000000000000000000000000000000000000000000000000000000000000000000000000000000000000000000000000000000000000
00000000000000000000000000000000000000000000000000000000000000000000000000000000000000000000000000000000000000000000000000000000
00000000000000000000000000000000000000000000000000000000000000000000000000000000000000000000000000000000000000000000000000000000
00000000000000000000000000000000000000000000000000000000000000000000000000000000000000000000000000000000000000000000000000000000
00000000000000000000000000000000000000000000000000000000000000000000000000000000000000000000000000000000000000000000000000000000
00000000000000000000000000000000000000000000000000000000000000000000000000000000000000000000000000000000000000000000000000000000
00000000000000000000000000000000000000000000000000000000000000000000000000000000000000000000000000000000000000000000000000000000
00000000000000000000000000000000000000000000000000000000000000000000000000000000000000000000000000000000000000000000000000000000
00000000000000000000000000000000000000000000000000000000000000000000000000000000000000000000000000000000000000000000000000000000
00000000000000000000000000000000000000000000000000000000000000000000000000000000000000000000000000000000000000000000000000000000
00000000000000000000000000000000000000000000000000000000000000000000000000000000000000000000000000000000000000000000000000000000
00000000000000000000000000000000000000000000000000000000000000000000000000000000000000000000000000000000000000000000000000000000
00000000000000000000000000000000000000000000000000000000000000000000000000000000000000000000000000000000000000000000000000000000
00000000000000000000000000000000000000000000000000000000000000000000000000000000000000000000000000000000000000000000000000000000
00000000000000000000000000000000000000000000000000000000000000000000000000000000000000000000000000000000000000000000000000000000
00000000000000000000000000000000000000000000000000000000000000000000000000000000000000000000000000000000000000000000000000000000
00000000000000000000000000000000000000000000000000000000000000000000000000000000000000000000000000000000000000000000000000000000
00000000000000000000000000000000000000000000000000000000000000000000000000000000000000000000000000000000000000000000000000000000
00000000000000000000000000000000000000000000000000000000000000000000000000000000000000000000000000000000000000000000000000000000
00000000000000000000000000000000000000000000000000000000000000000000000000000000000000000000000000000000000000000000000000000000
00000000000000000000000000000000000000000000000000000000000000000000000000000000000000000000000000000000000000000000000000000000
00000000000000000000000000000000000000000000000000000000000000000000000000000000000000000000000000000000000000000000000000000000
00000000000000000000000000000000000000000000000000000000000000000000000000000000000000000000000000000000000000000000000000000000
00000000000000000000000000000000000000000000000000000000000000000000000000000000000000000000000000000000000000000000000000000000
00000000000000000000000000000000000000000000000000000000000000000000000000000000000000000000000000000000000000000000000000000000
00000000000000000000000000000000000000000000000000000000000000000000000000000000000000000000000000000000000000000000000000000000
00000000000000000000000000000000000000000000000000000000000000000000000000000000000000000000000000000000000000000000000000000000
00000000000000000000000000000000000000000000000000000000000000000000000000000000000000000000000000000000000000000000000000000000
00000000000000000000000000000000000000000000000000000000000000000000000000000000000000000000000000000000000000000000000000000000
00000000000000000000000000000000000000000000000000000000000000000000000000000000000000000000000000000000000000000000000000000000
00000000000000000000000000000000000000000000000000000000000000000000000000000000000000000000000000000000000000000000000000000000
00000000000000000000000000000000000000000000000000000000000000000000000000000000000000000000000000000000000000000000000000000000
00000000000000000000000000000000000000000000000000000000000000000000000000000000000000000000000000000000000000000000000000000000
00000000000000000000000000000000000000000000000000000000000000000000000000000000000000000000000000000000000000000000000000000000
00000000000000000000000000000000000000000000000000000000000000000000000000000000000000000000000000000000000000000000000000000000
00000000000000000000000000000000000000000000000000000000000000000000000000000000000000000000000000000000000000000000000000000000
00000000000000000000000000000000000000000000000000000000000000000000000000000000000000000000000000000000000000000000000000000000
00000000000000000000000000000000000000000000000000000000000000000000000000000000000000000000000000000000000000000000000000000000
00000000000000000000000000000000000000000000000000000000000000000000000000000000000000000000000000000000000000000000000000000000
00000000000000000000000000000000000000000000000000000000000000000000000000000000000000000000000000000000000000000000000000000000
00000000000000000000000000000000000000000000000000000000000000000000000000000000000000000000000000000000000000000000000000000000
00000000000000000000000000000000000000000000000000000000000000000000000000000000000000000000000000000000000000000000000000000000
00000000000000000000000000000000000000000000000000000000000000000000000000000000000000000000000000000000000000000000000000000000
00000000000000000000000000000000000000000000000000000000000000000000000000000000000000000000000000000000000000000000000000000000
00000000000000000000000000000000000000000000000000000000000000000000000000000000000000000000000000000000000000000000000000000000
00000000000000000000000000000000000000000000000000000000000000000000000000000000000000000000000000000000000000000000000000000000
00000000000000000000000000000000000000000000000000000000000000000000000000000000000000000000000000000000000000000000000000000000
00000000000000000000000000000000000000000000000000000000000000000000000000000000000000000000000000000000000000000000000000000000
00000000000000000000000000000000000000000000000000000000000000000000000000000000000000000000000000000000000000000000000000000000
00000000000000000000000000000000000000000000000000000000000000000000000000000000000000000000000000000000000000000000000000000000
00000000000000000000000000000000000000000000000000000000000000000000000000000000000000000000000000000000000000000000000000000000
00000000000000000000000000000000000000000000000000000000000000000000000000000000000000000000000000000000000000000000000000000000
00000000000000000000000000000000000000000000000000000000000000000000000000000000000000000000000000000000000000000000000000000000
00000000000000000000000000000000000000000000000000000000000000000000000000000000000000000000000000000000000000000000000000000000
00000000000000000000000000000000000000000000000000000000000000000000000000000000000000000000000000000000000000000000000000000000
00000000000000000000000000000000000000000000000000000000000000000000000000000000000000000000000000000000000000000000000000000000
00000000000000000000000000000000000000000000000000000000000000000000000000000000000000000000000000000000000000000000000000000000
00000000000000000000000000000000000000000000000000000000000000000000000000000000000000000000000000000000000000000000000000000000
00000000000000000000000000000000000000000000000000000000000000000000000000000000000000000000000000000000000000000000000000000000
00000000000000000000000000000000000000000000000000000000000000000000000000000000000000000000000000000000000000000000000000000000
00000000000000000000000000000000000000000000000000000000000000000000000000000000000000000000000000000000000000000000000000000000
00000000000000000000000000000000000000000000000000000000000000000000000000000000000000000000000000000000000000000000000000000000
00000000000000000000000000000000000000000000000000000000000000000000000000000000000000000000000000000000000000000000000000000000
00000000000000000000000000000000000000000000000000000000000000000000000000000000000000000000000000000000000000000000000000000000
00000000000000000000000000000000000000000000000000000000000000000000000000000000000000000000000000000000000000000000000000000000
00000000000000000000000000000000000000000000000000000000000000000000000000000000000000000000000000000000000000000000000000000000
00000000000000000000000000000000000000000000000000000000000000000000000000000000000000000000000000000000000000000000000000000000
00000000000000000000000000000000000000000000000000000000000000000000000000000000000000000000000000000000000000000000000000000000
00000000000000000000000000000000000000000000000000000000000000000000000000000000000000000000000000000000000000000000000000000000
00000000000000000000000000000000000000000000000000000000000000000000000000000000000000000000000000000000000000000000000000000000
00000000000000000000000000000000000000000000000000000000000000000000000000000000000000000000000000000000000000000000000000000000
00000000000000000000000000000000000000000000000000000000000000000000000000000000000000000000000000000000000000000000000000000000
00000000000000000000000000000000000000000000000000000000000000000000000000000000000000000000000000000000000000000000000000000000
00000000000000000000000000000000000000000000000000000000000000000000000000000000000000000000000000000000000000000000000000000000
00000000000000000000000000000000000000000000000000000000000000000000000000000000000000000000000000000000000000000000000000000000
00000000000000000000000000000000000000000000000000000000000000000000000000000000000000000000000000000000000000000000000000000000
00000000000000000000000000000000000000000000000000000000000000000000000000000000000000000000000000000000000000000000000000000000
00000000000000000000000000000000000000000000000000000000000000000000000000000000000000000000000000000000000000000000000000000000
00000000000000000000000000000000000000000000000000000000000000000000000000000000000000000000000000000000000000000000000000000000
00000000000000000000000000000000000000000000000000000000000000000000000000000000000000000000000000000000000000000000000000000000
00000000000000000000000000000000000000000000000000000000000000000000000000000000000000000000000000000000000000000000000000000000
00000000000000000000000000000000000000000000000000000000000000000000000000000000000000000000000000000000000000000000000000000000
00000000000000000000000000000000000000000000000000000000000000000000000000000000000000000000000000000000000000000000000000000000
00000000000000000000000000000000000000000000000000000000000000000000000000000000000000000000000000000000000000000000000000000000
00000000000000000000000000000000000000000000000000000000000000000000000000000000000000000000000000000000000000000000000000000000
00000000000000000000000000000000000000000000000000000000000000000000000000000000000000000000000000000000000000000000000000000000
00000000000000000000000000000000000000000000000000000000000000000000000000000000000000000000000000000000000000000000000000000000
00000000000000000000000000000000000000000000000000000000000000000000000000000000000000000000000000000000000000000000000000000000
00000000000000000000000000000000000000000000000000000000000000000000000000000000000000000000000000000000000000000000000000000000
00000000000000000000000000000000000000000000000000000000000000000000000000000000000000000000000000000000000000000000000000000000
00000000000000000000000000000000000000000000000000000000000000000000000000000000000000000000000000000000000000000000000000000000
00000000000000000000000000000000000000000000000000000000000000000000000000000000000000000000000000000000000000000000000000000000
00000000000000000000000000000000000000000000000000000000000000000000000000000000000000000000000000000000000000000000000000000000
00000000000000000000000000000000000000000000000000000000000000000000000000000000000000000000000000000000000000000000000000000000
00000000000000000000000000000000000000000000000000000000000000000000000000000000000000000000000000000000000000000000000000000000
00000000000000000000000000000000000000000000000000000000000000000000000000000000000000000000000000000000000000000000000000000000
00000000000000000000000000000000000000000000000000000000000000000000000000000000000000000000000000000000000000000000000000000000
00000000000000000000000000000000000000000000000000000000000000000000000000000000000000000000000000000000000000000000000000000000
00000000000000000000000000000000000000000000000000000000000000000000000000000000000000000000000000000000000000000000000000000000
00000000000000000000000000000000000000000000000000000000000000000000000000000000000000000000000000000000000000000000000000000000
00000000000000000000000000000000000000000000000000000000000000000000000000000000000000000000000000000000000000000000000000000000
00000000000000000000000000000000000000000000000000000000000000000000000000000000000000000000000000000000000000000000000000000000
00000000000000000000000000000000000000000000000000000000000000000000000000000000000000000000000000000000000000000000000000000000
00000000000000000000000000000000000000000000000000000000000000000000000000000000000000000000000000000000000000000000000000000000
00000000000000000000000000000000000000000000000000000000000000000000000000000000000000000000000000000000000000000000000000000000
00000000000000000000000000000000000000000000000000000000000000000000000000000000000000000000000000000000000000000000000000000000
00000000000000000000000000000000000000000000000000000000000000000000000000000000000000000000000000000000000000000000000000000000
00000000000000000000000000000000000000000000000000000000000000000000000000000000000000000000000000000000000000000000000000000000
00000000000000000000000000000000000000000000000000000000000000000000000000000000000000000000000000000000000000000000000000000000
00000000000000000000000000000000000000000000000000000000000000000000000000000000000000000000000000000000000000000000000000000000
00000000000000000000000000000000000000000000000000000000000000000000000000000000000000000000000000000000000000000000000000000000
00000000000000000000000000000000000000000000000000000000000000000000000000000000000000000000000000000000000000000000000000000000
00000000000000000000000000000000000000000000000000000000000000000000000000000000000000000000000000000000000000000000000000000000
00000000000000000000000000000000000000000000000000000000000000000000000000000000000000000000000000000000000000000000000000000000
00000000000000000000000000000000000000000000000000000000000000000000000000000000000000000000000000000000000000000000000000000000
00000000000000000000000000000000000000000000000000000000000000000000000000000000000000000000000000000000000000000000000000000000
00000000000000000000000000000000000000000000000000000000000000000000000000000000000000000000000000000000000000000000000000000000
00000000000000000000000000000000000000000000000000000000000000000000000000000000000000000000000000000000000000000000000000000000
00000000000000000000000000000000000000000000000000000000000000000000000000000000000000000000000000000000000000000000000000000000
00000000000000000000000000000000000000000000000000000000000000000000000000000000000000000000000000000000000000000000000000000000
00000000000000000000000000000000000000000000000000000000000000000000000000000000000000000000000000000000000000000000000000000000
00000000000000000000000000000000000000000000000000000000000000000000000000000000000000000000000000000000000000000000000000000000
00000000000000000000000000000000000000000000000000000000000000000000000000000000000000000000000000000000000000000000000000000000
00000000000000000000000000000000000000000000000000000000000000000000000000000000000000000000000000000000000000000000000000000000
00000000000000000000000000000000000000000000000000000000000000000000000000000000000000000000000000000000000000000000000000000000
00000000000000000000000000000000000000000000000000000000000000000000000000000000000000000000000000000000000000000000000000000000
00000000000000000000000000000000000000000000000000000000000000000000000000000000000000000000000000000000000000000000000000000000
00000000000000000000000000000000000000000000000000000000000000000000000000000000000000000000000000000000000000000000000000000000
00000000000000000000000000000000000000000000000000000000000000000000000000000000000000000000000000000000000000000000000000000000
00000000000000000000000000000000000000000000000000000000000000000000000000000000000000000000000000000000000000000000000000000000
00000000000000000000000000000000000000000000000000000000000000000000000000000000000000000000000000000000000000000000000000000000
00000000000000000000000000000000000000000000000000000000000000000000000000000000000000000000000000000000000000000000000000000000
00000000000000000000000000000000000000000000000000000000000000000000000000000000000000000000000000000000000000000000000000000000
00000000000000000000000000000000000000000000000000000000000000000000000000000000000000000000000000000000000000000000000000000000
00000000000000000000000000000000000000000000000000000000000000000000000000000000000000000000000000000000000000000000000000000000
00000000000000000000000000000000000000000000000000000000000000000000000000000000000000000000000000000000000000000000000000000000
00000000000000000000000000000000000000000000000000000000000000000000000000000000000000000000000000000000000000000000000000000000
00000000000000000000000000000000000000000000000000000000000000000000000000000000000000000000000000000000000000000000000000000000
00000000000000000000000000000000000000000000000000000000000000000000000000000000000000000000000000000000000000000000000000000000
00000000000000000000000000000000000000000000000000000000000000000000000000000000000000000000000000000000000000000000000000000000
00000000000000000000000000000000000000000000000000000000000000000000000000000000000000000000000000000000000000000000000000000000
00000000000000000000000000000000000000000000000000000000000000000000000000000000000000000000000000000000000000000000000000000000
00000000000000000000000000000000000000000000000000000000000000000000000000000000000000000000000000000000000000000000000000000000
00000000000000000000000000000000000000000000000000000000000000000000000000000000000000000000000000000000000000000000000000000000
00000000000000000000000000000000000000000000000000000000000000000000000000000000000000000000000000000000000000000000000000000000
00000000000000000000000000000000000000000000000000000000000000000000000000000000000000000000000000000000000000000000000000000000
00000000000000000000000000000000000000000000000000000000000000000000000000000000000000000000000000000000000000000000000000000000
00000000000000000000000000000000000000000000000000000000000000000000000000000000000000000000000000000000000000000000000000000000
00000000000000000000000000000000000000000000000000000000000000000000000000000000000000000000000000000000000000000000000000000000
00000000000000000000000000000000000000000000000000000000000000000000000000000000000000000000000000000000000000000000000000000000
00000000000000000000000000000000000000000000000000000000000000000000000000000000000000000000000000000000000000000000000000000000
00000000000000000000000000000000000000000000000000000000000000000000000000000000000000000000000000000000000000000000000000000000
00000000000000000000000000000000000000000000000000000000000000000000000000000000000000000000000000000000000000000000000000000000
00000000000000000000000000000000000000000000000000000000000000000000000000000000000000000000000000000000000000000000000000000000
00000000000000000000000000000000000000000000000000000000000000000000000000000000000000000000000000000000000000000000000000000000
00000000000000000000000000000000000000000000000000000000000000000000000000000000000000000000000000000000000000000000000000000000
00000000000000000000000000000000000000000000000000000000000000000000000000000000000000000000000000000000000000000000000000000000
00000000000000000000000000000000000000000000000000000000000000000000000000000000000000000000000000000000000000000000000000000000
00000000000000000000000000000000000000000000000000000000000000000000000000000000000000000000000000000000000000000000000000000000
00000000000000000000000000000000000000000000000000000000000000000000000000000000000000000000000000000000000000000000000000000000
00000000000000000000000000000000000000000000000000000000000000000000000000000000000000000000000000000000000000000000000000000000
00000000000000000000000000000000000000000000000000000000000000000000000000000000000000000000000000000000000000000000000000000000
00000000000000000000000000000000000000000000000000000000000000000000000000000000000000000000000000000000000000000000000000000000
00000000000000000000000000000000000000000000000000000000000000000000000000000000000000000000000000000000000000000000000000000000
00000000000000000000000000000000000000000000000000000000000000000000000000000000000000000000000000000000000000000000000000000000
00000000000000000000000000000000000000000000000000000000000000000000000000000000000000000000000000000000000000000000000000000000
00000000000000000000000000000000000000000000000000000000000000000000000000000000000000000000000000000000000000000000000000000000
00000000000000000000000000000000000000000000000000000000000000000000000000000000000000000000000000000000000000000000000000000000
00000000000000000000000000000000000000000000000000000000000000000000000000000000000000000000000000000000000000000000000000000000
00000000000000000000000000000000000000000000000000000000000000000000000000000000000000000000000000000000000000000000000000000000
00000000000000000000000000000000000000000000000000000000000000000000000000000000000000000000000000000000000000000000000000000000
00000000000000000000000000000000000000000000000000000000000000000000000000000000000000000000000000000000000000000000000000000000
00000000000000000000000000000000000000000000000000000000000000000000000000000000000000000000000000000000000000000000000000000000
00000000000000000000000000000000000000000000000000000000000000000000000000000000000000000000000000000000000000000000000000000000
00000000000000000000000000000000000000000000000000000000000000000000000000000000000000000000000000000000000000000000000000000000
00000000000000000000000000000000000000000000000000000000000000000000000000000000000000000000000000000000000000000000000000000000
00000000000000000000000000000000000000000000000000000000000000000000000000000000000000000000000000000000000000000000000000000000
00000000000000000000000000000000000000000000000000000000000000000000000000000000000000000000000000000000000000000000000000000000
00000000000000000000000000000000000000000000000000000000000000000000000000000000000000000000000000000000000000000000000000000000
00000000000000000000000000000000000000000000000000000000000000000000000000000000000000000000000000000000000000000000000000000000
00000000000000000000000000000000000000000000000000000000000000000000000000000000000000000000000000000000000000000000000000000000
00000000000000000000000000000000000000000000000000000000000000000000000000000000000000000000000000000000000000000000000000000000
00000000000000000000000000000000000000000000000000000000000000000000000000000000000000000000000000000000000000000000000000000000
00000000000000000000000000000000000000000000000000000000000000000000000000000000000000000000000000000000000000000000000000000000
00000000000000000000000000000000000000000000000000000000000000000000000000000000000000000000000000000000000000000000000000000000
00000000000000000000000000000000000000000000000000000000000000000000000000000000000000000000000000000000000000000000000000000000
00000000000000000000000000000000000000000000000000000000000000000000000000000000000000000000000000000000000000000000000000000000
00000000000000000000000000000000000000000000000000000000000000000000000000000000000000000000000000000000000000000000000000000000
00000000000000000000000000000000000000000000000000000000000000000000000000000000000000000000000000000000000000000000000000000000
00000000000000000000000000000000000000000000000000000000000000000000000000000000000000000000000000000000000000000000000000000000
00000000000000000000000000000000000000000000000000000000000000000000000000000000000000000000000000000000000000000000000000000000
00000000000000000000000000000000000000000000000000000000000000000000000000000000000000000000000000000000000000000000000000000000
00000000000000000000000000000000000000000000000000000000000000000000000000000000000000000000000000000000000000000000000000000000
00000000000000000000000000000000000000000000000000000000000000000000000000000000000000000000000000000000000000000000000000000000
00000000000000000000000000000000000000000000000000000000000000000000000000000000000000000000000000000000000000000000000000000000
00000000000000000000000000000000000000000000000000000000000000000000000000000000000000000000000000000000000000000000000000000000
00000000000000000000000000000000000000000000000000000000000000000000000000000000000000000000000000000000000000000000000000000000
00000000000000000000000000000000000000000000000000000000000000000000000000000000000000000000000000000000000000000000000000000000
00000000000000000000000000000000000000000000000000000000000000000000000000000000000000000000000000000000000000000000000000000000
00000000000000000000000000000000000000000000000000000000000000000000000000000000000000000000000000000000000000000000000000000000
00000000000000000000000000000000000000000000000000000000000000000000000000000000000000000000000000000000000000000000000000000000
00000000000000000000000000000000000000000000000000000000000000000000000000000000000000000000000000000000000000000000000000000000
00000000000000000000000000000000000000000000000000000000000000000000000000000000000000000000000000000000000000000000000000000000
00000000000000000000000000000000000000000000000000000000000000000000000000000000000000000000000000000000000000000000000000000000
00000000000000000000000000000000000000000000000000000000000000000000000000000000000000000000000000000000000000000000000000000000
00000000000000000000000000000000000000000000000000000000000000000000000000000000000000000000000000000000000000000000000000000000
00000000000000000000000000000000000000000000000000000000000000000000000000000000000000000000000000000000000000000000000000000000
00000000000000000000000000000000000000000000000000000000000000000000000000000000000000000000000000000000000000000000000000000000
00000000000000000000000000000000000000000000000000000000000000000000000000000000000000000000000000000000000000000000000000000000
00000000000000000000000000000000000000000000000000000000000000000000000000000000000000000000000000000000000000000000000000000000
00000000000000000000000000000000000000000000000000000000000000000000000000000000000000000000000000000000000000000000000000000000
00000000000000000000000000000000000000000000000000000000000000000000000000000000000000000000000000000000000000000000000000000000
00000000000000000000000000000000000000000000000000000000000000000000000000000000000000000000000000000000000000000000000000000000
00000000000000000000000000000000000000000000000000000000000000000000000000000000000000000000000000000000000000000000000000000000
00000000000000000000000000000000000000000000000000000000000000000000000000000000000000000000000000000000000000000000000000000000
00000000000000000000000000000000000000000000000000000000000000000000000000000000000000000000000000000000000000000000000000000000
00000000000000000000000000000000000000000000000000000000000000000000000000000000000000000000000000000000000000000000000000000000
00000000000000000000000000000000000000000000000000000000000000000000000000000000000000000000000000000000000000000000000000000000
00000000000000000000000000000000000000000000000000000000000000000000000000000000000000000000000000000000000000000000000000000000
00000000000000000000000000000000000000000000000000000000000000000000000000000000000000000000000000000000000000000000000000000000
00000000000000000000000000000000000000000000000000000000000000000000000000000000000000000000000000000000000000000000000000000000
00000000000000000000000000000000000000000000000000000000000000000000000000000000000000000000000000000000000000000000000000000000
00000000000000000000000000000000000000000000000000000000000000000000000000000000000000000000000000000000000000000000000000000000
00000000000000000000000000000000000000000000000000000000000000000000000000000000000000000000000000000000000000000000000000000000
00000000000000000000000000000000000000000000000000000000000000000000000000000000000000000000000000000000000000000000000000000000
00000000000000000000000000000000000000000000000000000000000000000000000000000000000000000000000000000000000000000000000000000000
00000000000000000000000000000000000000000000000000000000000000000000000000000000000000000000000000000000000000000000000000000000
00000000000000000000000000000000000000000000000000000000000000000000000000000000000000000000000000000000000000000000000000000000
00000000000000000000000000000000000000000000000000000000000000000000000000000000000000000000000000000000000000000000000000000000
00000000000000000000000000000000000000000000000000000000000000000000000000000000000000000000000000000000000000000000000000000000
00000000000000000000000000000000000000000000000000000000000000000000000000000000000000000000000000000000000000000000000000000000
00000000000000000000000000000000000000000000000000000000000000000000000000000000000000000000000000000000000000000000000000000000
00000000000000000000000000000000000000000000000000000000000000000000000000000000000000000000000000000000000000000000000000000000
00000000000000000000000000000000000000000000000000000000000000000000000000000000000000000000000000000000000000000000000000000000
00000000000000000000000000000000000000000000000000000000000000000000000000000000000000000000000000000000000000000000000000000000
00000000000000000000000000000000000000000000000000000000000000000000000000000000000000000000000000000000000000000000000000000000
00000000000000000000000000000000000000000000000000000000000000000000000000000000000000000000000000000000000000000000000000000000
00000000000000000000000000000000000000000000000000000000000000000000000000000000000000000000000000000000000000000000000000000000
00000000000000000000000000000000000000000000000000000000000000000000000000000000000000000000000000000000000000000000000000000000
00000000000000000000000000000000000000000000000000000000000000000000000000000000000000000000000000000000000000000000000000000000
00000000000000000000000000000000000000000000000000000000000000000000000000000000000000000000000000000000000000000000000000000000
00000000000000000000000000000000000000000000000000000000000000000000000000000000000000000000000000000000000000000000000000000000
00000000000000000000000000000000000000000000000000000000000000000000000000000000000000000000000000000000000000000000000000000000
*
C3449*
NOTE FEATURE_ROW*
E0000000000000000000000000000000000000000000000000000000000000000
0000010001100000*
NOTE User Electronic Signature Data*
UH00000000*
27BB
